trade_id	stock_symbol	quantity	purchase_price	sale_price	purchase_date	sale_date	profit	transaction_type	brokerage_fee
1	QTWO	2270	75.32	451.17	11/15/2013	1/22/2021	375.85	Sell	49.95
2	LPNT	1446	747.76	195.2	5/2/2002	8/6/2012	-552.56	Sell	93.39
3	QBAK	1537	319.42	189.57	2/7/2006	10/25/2017	-129.85	Buy	60.23
4	GTYH	3904	904.07	573.07	10/14/2019	2/15/2022	-331.0	Sell	38.72
5	MFINL	3750	637.5	662.81	7/13/2010	3/17/2021	25.31	Sell	97.47
6	VTVT	1779	883.53	749.09	12/28/2017	10/25/2006	-134.44	Buy	49.99
7	GCVRZ	1530	728.77	136.91	7/1/2016	4/12/2016	-591.86	Sell	32.49
8	ANSS	1960	888.62	446.51	5/10/2014	10/4/2016	-442.11	Sell	98.21
9	CRCM	5930	350.33	659.32	4/11/2006	4/30/2001	308.99	Sell	33.2
10	ENIC	4635	640.97	569.47	1/7/2006	12/4/2010	-71.5	Sell	21.49


11	ULH	2396	288.87	225.61	3/16/2000	11/26/2022	-63.26	Sell	32.04
12	AHPAW	334	241.2	859.75	10/7/2021	11/11/2016	618.55	Sell	45.39
13	RAVN	5134	66.73	235.81	4/28/2018	8/5/2016	169.08	Buy	88.71
14	WEC	7049	750.99	819.44	12/19/2009	11/12/2008	68.45	Buy	92.64
15	GTIM	2816	726.27	788.42	1/31/2020	1/22/2019	62.15	Buy	93.75
16	SBOW	2083	423.73	620.21	10/2/2018	6/23/2004	196.48	Sell	2.92
17	R	3193	842.86	474.47	3/2/2006	8/7/2014	-368.39	Buy	84.63
18		5634	386.81	540.09	6/27/2001	7/4/2000	153.28	Buy	89.78
19	NTP	4112	846.89	270.73	5/12/2007	9/8/2003	-576.16	Buy	43.82
20	WNS	9623	582.29	320.63	3/27/2020	9/2/2007	-261.66	Buy	33.24
21	FFKT	7328	905.23	636.92	9/9/2011	2/25/2022	-268.31	Sell	39.4
22	KEG	6702	255.65	778.68	9/22/2003	6/20/2008	523.03	Sell	78.33
23	PEY	1888	22.39	813.46	7/15/2013	4/13/2020	791.07	Buy	31.96
24	BAC^D	3285	323.8	488.22	1/15/2008	2/19/2003	164.42	Buy	81.58
25	TREC	3057	478.41	231.65	1/15/2018	1/21/2001	-246.76	Sell	59.86

26	CBZ	1647	829.81	248.75	5/28/2011	2/5/2009	-581.06	Buy	55.53
27	IPHS	9463	20.14	206.77	12/12/2007	10/25/2009	186.63	Sell	89.18
28	NGLS^A	5970	391.6	898.98	12/23/2010	9/23/2008	507.38	Buy	70.94
29	AZRX	665	444.94	899.8	2/12/2006	4/10/2012	454.86	Sell	10.44
30	ICLN	7579	227.42	997.28	2/13/2012	2/17/2019	769.86	Sell	48.75
31	EXAC	8050	563.01	457.83	8/7/2006	5/11/2005	-105.18	Sell	43.96
32	GLADO	1504	357.75	114.26		11/26/2014	-243.49	Sell	98.88
33	CPIX	8735	124.64	701.57	7/16/2012	10/13/2015	576.93	Buy	10.46
34	MGLN	6085	867.4	101.95	1/31/2020	11/19/2008	-765.45	Buy	81.54
35	CIR	1502	8.05	748.63	1/24/2014	6/19/2008	740.58	Sell	39.56
36	GWB	7637	183.68	20.8	7/16/2020	3/21/2000	-162.88	Sell	19.0
37	ITIC	4963	580.78	232.29	10/9/2021	11/11/2020	-348.49	Buy	95.42
38	RUTH	9386	802.53	774.83	9/23/2007	4/20/2012	-27.7	Sell	27.93
39	LCAHU	9457	40.73	629.79	7/29/2001	9/19/2001	589.06	Sell	16.03
40	MBVX	675	541.62	292.94	9/3/2014	5/6/2014	-248.68	Sell	70.66
41	STAR^F	2018	457.4	436.3	9/17/2016	12/28/2020	-21.1	Sell	13.27
42	ISSC	9307	463.86	534.8	8/16/2005	1/11/2018	70.94	Sell	1.77
43	VECO	4781	535.96	755.44	6/10/2022	8/18/2019	219.48	Sell	34.4
44	SNPS	5347	305.28	929.54	7/16/2006	8/9/2003	624.26	Sell	54.93
45	FTNT	6045	827.8	85.75	2/25/2003	3/9/2010	-742.05	Sell	63.28
46	ETY	2191	966.54	607.6		5/12/2021	-358.94	Buy	36.73
47	APA	9643	369.5	244.29	8/27/2009	4/15/2008	-125.21	Buy	41.97
48	ADES	1513	100.6	241.45		4/30/2010	140.85	Sell	97.66



49	CAR	9156	339.89	493.21	2/6/2005	8/16/2007	153.32	Buy	74.98
50	DELTW	9233	399.09	261.1	7/20/2007	10/9/2022	-137.99	Buy	2.17
51	INN	1674	43.65	559.2	12/10/2008	8/23/2020	515.55	Sell	76.72
52	CDOR	6203	909.38	729.75	6/8/2005	4/28/2002	-179.63	Sell	95.41
53	IMED	3313	816.59	668.8	5/19/2000	6/25/2007	-147.79	Sell	47.07
54	NEE^K	7103	799.07	704.66	9/26/2012	4/17/2015	-94.41	Sell	86.6
55	SVU	2349	184.33	773.33	12/23/2018	1/6/2015	589.0	Sell	34.32
56	FLIC	7794	418.87	57.48	9/6/2013	12/10/2014	-361.39	Buy	60.06
57	SHEN	2888	492.89	226.24	4/19/2014	9/1/2022	-266.65	Buy	41.58
58	TOWN	3369	813.66	127.81	7/7/2009	1/13/2014	-685.85	Buy	92.36
59	NVET	9439	55.61	496.56	10/20/2005	11/9/2006	440.95	Buy	84.35
60	ACSF	5295	426.03	249.65	6/26/2017	9/13/2021	-176.38	Buy	2.16
61	FBIO	9209	962.3	482.56	11/6/2020	1/23/2000	-479.74	Buy	68.95
62	HR	8108	899.93	48.66	9/21/2022	1/15/2004	-851.27	Sell	52.8
63	SAGE	8561	961.24	332.51	11/10/2014	7/28/2013	-628.73	Buy	8.49
64	GDS	820	60.73	454.61	1/5/2021	1/6/2000	393.88	Buy	18.69
65	ANDAU	134	83.95	934.98	7/27/2001	10/17/2015	851.03	Buy	9.79
66	BGIO	4206	984.79	270.67	11/9/2008	3/26/2008	-714.12	Buy	25.28
67	DEO	1779	230.33	996.27	1/25/2015	7/30/2010	765.94	Buy	60.45
68	ASMB	497	793.66	829.98	2/4/2003	3/22/2005	36.32	Buy	65.11
69	TCX	5242	438.78	641.36	4/29/2018	9/22/2022	202.58	Buy	28.17
70	AWRE	3060	223.61	642.87	12/26/2009	4/3/2005	419.26	Buy	53.96
71	SNY	9452	66.09	259.07	4/14/2008	2/1/2003	192.98	Sell	80.93
72	GES	268	30.63	847.54	3/8/2017	4/28/2002	816.91	Buy	19.39
73		776	503.35	767.11	11/23/2021	3/7/2009	263.76	Buy	35.43
74	HQH	2316	884.9	355.48	1/29/2005	1/18/2002	-529.42	Sell	58.35
75	MVC	1060	436.9	901.71	8/15/2002	3/23/2005	464.81	Sell	89.98
76	NEWM	2475	192.71	518.84	6/26/2008	8/25/2015	326.13	Sell	17.89
77	IPKW	8185	932.26	15.72	6/15/2018	9/11/2012	-916.54	Sell	29.74
78	REN           	5929	249.2	884.85	6/20/2022	2/20/2012	635.65	Sell	35.55
79	AGO^F	6283	706.07	864.16	9/11/2001	5/24/2014	158.09	Sell	41.81
80	ONVI	2387	100.5	431.47	11/25/2015	10/14/2014	330.97	Sell	17.41
81	AKS	9043	742.55	689.52	7/14/2022	3/22/2022	-53.03	Buy	20.23
82	VVPR	8184	793.49	22.77	6/10/2002	7/7/2001	-770.72	Buy	79.1
83	UFCS	1408	321.76	270.38	10/25/2020	10/2/2013	-51.38	Sell	92.63
84	ENIA	9115	866.57	591.88	7/4/2020	5/26/2010	-274.69	Buy	28.79
85	GMLP	7753	336.14	132.32	3/2/2018	7/17/2009	-203.82	Sell	19.37
86	FSB	4548	522.69	373.65	4/28/2002	3/20/2017	-149.04	Buy	85.3
87	QVCB	5354	589.72	264.25	2/15/2009	11/25/2004	-325.47	Buy	62.36
88	APEN	5336	323.91	530.56	3/30/2015	2/23/2003	206.65	Sell	29.08
89	DAKT	9525	785.62	978.51	5/28/2020	7/30/2004	192.89	Buy	88.34
90	AMH^B	1553	468.48	730.62	5/19/2017	10/5/2003	262.14	Sell	11.4
91	ZION	3497	459.44	692.71	2/22/2022	12/19/2009	233.27	Buy	73.42
92	MARK	4143	410.73	30.65	6/2/2009	2/2/2001	-380.08	Buy	35.66
93	PTIE	8801	396.44	864.68	9/4/2004	7/3/2014	468.24	Sell	80.13
94	RZA	4839	165.66	522.28	10/19/2016	11/7/2008	356.62	Sell	82.12
95	IDLB	6082	348.25	247.93	6/13/2000	8/21/2005	-100.32	Buy	67.37
96	CMRE^B	641	636.9	766.82	11/6/2015	7/31/2014	129.92	Buy	49.16
97	BML^G	5107	679.07	25.95	10/26/2000	10/29/2001	-653.12	Buy	95.3
98	FNTEW	9736	178.87	847.95	3/10/2015	10/10/2014	669.08	Buy	52.78
99	RDY	5891	25.64	649.06	3/3/2003	8/18/2012	623.42	Sell	7.18
100	AETI	8135	902.64	283.93	1/31/2008	1/30/2010	-618.71	Sell	95.96
101	BECN	5383	916.28	447.57	6/14/2011	2/4/2007	-468.71	Buy	32.68
102	PES	5918	750.32	158.72	8/22/2007	12/7/2001	-591.6	Buy	32.79
103	VUZI	2674	937.17	65.26	9/10/2014	2/6/2014	-871.91	Sell	56.9
104	BWINB	4387	813.69	962.87	2/6/2016	8/12/2016	149.18	Sell	47.01
105	FTAI	8213	264.45	707.58	7/27/2008	11/15/2022	443.13	Sell	21.43


106	MOS	2708	963.68	550.01	12/23/2021	7/16/2003	-413.67	Sell	0.98
107	OVBC	610	748.68	647.33	9/7/2003	7/5/2006	-101.35	Sell	84.57
108	FOGO	836	102.46	916.11	8/19/2018	12/5/2006	813.65	Buy	18.01
109	BXP^B	4495	10.05	183.2	3/30/2008	1/27/2006	173.15	Buy	89.77
110	OHGI	2749	874.87	533.57	11/17/2005	5/23/2018	-341.3	Sell	43.52
111	ADUS	5602	908.88	867.87	1/7/2005	2/13/2013	-41.01	Sell	90.63
112	CI	6391	146.41	658.52	7/25/2014	7/12/2022	512.11	Buy	59.4
113	LIND	2390	228.89	392.4		9/20/2016	163.51	Sell	9.64
114	OFG^A	8487	696.1	98.38	8/27/2002	11/29/2007	-597.72	Buy	77.95
115	ARR^B	572	543.1	651.79	6/24/2003	7/16/2008	108.69	Buy	81.83
116	GNE^A	3826	967.79	491.21	8/15/2020	6/19/2018	-476.58	Sell	0.8
117		6716	722.82	275.22	5/19/2017	8/16/2011	-447.6	Buy	43.34
118	IHD	7328	773.5	964.12	4/7/2016	1/9/2004	190.62	Sell	55.62
119	MMDMU	1021	793.69	515.79	11/27/2013	6/2/2010	-277.9	Sell	36.76
120	JBLU	3116	26.8	393.2	1/14/2014	1/1/2010	366.4	Sell	86.44
121	PSA^C	3721	289.18	391.63	8/27/2015	11/19/2012	102.45	Sell	16.9
122	SGBX	6139	774.02	245.15	1/23/2019	7/15/2016	-528.87	Sell	3.48

123	MSTR	5226	275.95	584.2	10/21/2002	7/29/2011	308.25	Sell	8.36
124	VSDA	5789	703.64	619.63	3/8/2005	12/3/2006	-84.01	Buy	82.95
125	VCLT	691	2.76	156.05	5/24/2018	7/14/2017	153.29	Buy	49.87
126	NBRV	7523	701.78	69.45	12/24/2007	4/10/2016	-632.33	Sell	27.12
127	MCR	1654	241.38	119.71	3/25/2011	3/19/2001	-121.67	Sell	72.39
128	FLEX	6983	183.7	432.65	5/16/2013	11/4/2010	248.95	Sell	38.21
129	IIVI	1055	940.25	251.55	1/3/2022	1/24/2005	-688.7	Buy	64.01
130	APLE	2586	632.39	971.3	4/22/2019	1/23/2013	338.91	Buy	12.97
131	CGG	4813	273.31	993.02	5/24/2022	2/13/2013	719.71	Sell	74.19
132	INN^D	276	725.09	412.08	3/18/2020	1/19/2007	-313.01	Sell	91.18
133	V	1703	350.0	563.05	2/3/2011	7/12/2019	213.05	Sell	35.58
134	FNTE	6181	121.1	595.32	7/11/2002	12/29/2005	474.22	Sell	92.33
135	DFS^B	9193	31.79	56.72	8/16/2018	9/24/2004	24.93	Sell	45.22
136	NGVT	8790	804.68	640.9	2/12/2004	4/1/2022	-163.78	Sell	2.44
137	SJR	1989	151.67	856.87	8/16/2020	6/7/2008	705.2	Sell	25.85
138	NTRA	3983	206.19	227.74	9/8/2006	6/6/2013	21.55	Sell	37.14
139	OMAM	6294	574.99	318.05	7/13/2005	6/21/2022	-256.94	Sell	98.9
140	BPY	3782	505.38	271.33	4/28/2010	5/6/2001	-234.05	Sell	78.02
141	FDT	6280	294.0	402.18	4/27/2005	4/2/2016	108.18	Sell	38.71
142	ZTO	7966	39.32	983.1	2/1/2021	8/15/2008	943.78	Sell	29.24
143	PFMT	9956	688.51	72.04	8/13/2017	3/13/2004	-616.47	Buy	43.49
144	MT	2501	801.47	390.54	1/13/2011	12/13/2017	-410.93	Sell	10.72
145	ATAI	577	786.59	978.98	3/5/2019	9/19/2017	192.39	Sell	69.8
146	MRCY	8850	101.18	773.86	3/20/2011	3/30/2001	672.68	Sell	54.71
147	EOS	2999	635.99	398.31	10/9/2010	2/27/2010	-237.68	Buy	26.91
148		9614	125.65	337.03	11/23/2019	5/15/2004	211.38	Buy	41.25
149	SGMA	6505	526.77	811.32	3/4/2022	2/28/2014	284.55	Buy	54.87
150	HOLX	5830	101.58	19.77	4/19/2014	5/17/2007	-81.81	Sell	67.87
151	SOCL	7011	304.33	829.51	9/28/2020	2/13/2021	525.18	Sell	65.78
152	PLD	1086	613.92	726.44	10/12/2013	7/15/2013	112.52	Buy	8.94
153	FOXA	8013	282.49	666.39	7/23/2010	8/21/2012	383.9	Buy	93.35
154	PMC	9091	39.46	149.48	7/12/2004	8/28/2016	110.02	Buy	55.56
155	BZH	2593	886.78	39.93	3/19/2011	10/13/2019	-846.85	Sell	17.02
156	UAN	1243	632.09	822.64	7/30/2009	3/12/2010	190.55	Buy	60.94
157	NEWS	9566	124.43	125.43	8/25/2012	5/15/2001	1.0	Buy	45.57
158	TRU	8980	275.93	956.29	7/7/2007	6/16/2013	680.36	Sell	29.92
159	ONCE	6395	31.08	259.33	9/13/2019	5/24/2005	228.25	Sell	55.52
160	SIR	4902	109.72	863.17	8/2/2011	8/5/2009	753.45	Sell	77.19
161	CNXR	6293	631.29	613.93	12/15/2022	8/5/2013	-17.36	Sell	39.4
162		1936	938.69	512.11	11/25/2020	7/26/2022	-426.58	Buy	57.34
163	GNBC	4840	615.0	792.27	6/11/2019	8/31/2000	177.27	Buy	59.23
164	DRUA	6357	16.27	87.42	3/19/2003	7/25/2015	71.15	Sell	56.68
165	ARKR	1414	185.28	238.87	11/29/2006	8/12/2012	53.59	Sell	81.61
166	VER	3239	830.68	874.46	8/5/2015	1/5/2014	43.78	Buy	95.12
167	JKI	883	189.76	493.05	8/2/2006	1/22/2002	303.29	Sell	14.79
168	SSNT	394	198.4	297.7	5/18/2001	7/22/2003	99.3	Sell	69.85
169	GENE	4298	390.97	670.67	5/10/2013	9/15/2006	279.7	Buy	89.64
170	AGCO	2183	126.94	318.04	1/23/2010	11/22/2011	191.1	Sell	99.35
171	PEI^B	908	497.21	63.24	9/3/2002	3/7/2010	-433.97	Buy	61.81
172	SKM	2713	523.8	220.59	10/4/2006	3/2/2018	-303.21	Buy	93.82
173		1643	679.67	586.52	2/19/2001	4/3/2017	-93.15	Buy	29.45
174	ZX	640	961.14	912.87	8/2/2002	9/7/2022	-48.27	Buy	51.74
175	ARD	2857	487.81	440.76	7/15/2020	9/18/2012	-47.05	Sell	85.24
176	DISH	8988	173.11	299.68	4/5/2007	8/20/2012	126.57	Buy	84.99
177	PPP	5888	492.14	280.15	6/2/2000	6/23/2018	-211.99	Buy	97.72
178	NLY^D	7880	474.58	112.51	9/20/2012	11/23/2016	-362.07	Sell	23.08
179		3893	47.55	611.88	9/9/2005	2/2/2016	564.33	Buy	90.38
180	GIGA	9157	719.43	212.83	7/9/2018	3/26/2002	-506.6	Sell	42.61
181	MCFT	4933	919.22	13.25	7/12/2009	4/28/2017	-905.97	Buy	78.13
182	AVA	2630	544.33	45.08	3/23/2014	8/24/2003	-499.25	Sell	65.74
183	GABC	4138	131.01	422.05	6/28/2001	8/31/2018	291.04	Sell	14.68
184	CBPX	7633	567.06	127.62	1/2/2006	10/20/2000	-439.44	Sell	34.25
185	RMTI	8148	502.88	542.84	12/3/2003	1/14/2001	39.96	Sell	55.26
186	GLOP^A	4906	132.27	841.46	2/15/2009	10/26/2019	709.19	Sell	58.38
187	MULE	1281	1.9	145.89	11/9/2002	4/23/2005	143.99	Sell	23.51
188	HF	5067	197.81	403.93	1/23/2007	2/10/2001	206.12	Sell	10.38
189	INB	9874	51.65	812.14	9/24/2004	4/24/2003	760.49	Buy	89.44
190	MTBC	9716	290.97	160.84	10/15/2008	6/10/2022	-130.13	Buy	79.11
191	RF^A	9409	137.4	634.1	4/26/2008	11/8/2011	496.7	Buy	18.32
192	UFS	6974	220.65	759.3	12/18/2019	12/10/2002	538.65	Buy	80.77
193	ONEQ	6070	246.29	510.88	7/3/2020	2/24/2013	264.59	Buy	72.41
194	CNIT	5956	129.13	988.39	2/2/2008	3/13/2016	859.26	Sell	79.17
195	DFVS	3589	619.97	421.21	6/22/2009	5/31/2020	-198.76	Buy	26.86
196	DY	7314	547.25	582.58	12/29/2018	9/14/2008	35.33	Buy	83.23
197	PGZ	2927	239.8	411.43	10/17/2005	3/10/2000	171.63	Buy	25.73
198		8023	190.35	843.19	1/23/2017	12/28/2007	652.84	Buy	93.7
199	SSRI	1578	718.46	612.97	5/27/2019	4/20/2019	-105.49	Sell	53.13
200	NIQ	132	433.12	202.13	5/9/2013	2/10/2011	-230.99	Sell	2.3
201	TCON	3415	434.32	220.35	1/8/2012	10/27/2012	-213.97	Buy	60.84
202	SNOAW	8077	194.71	460.59	11/2/2009	8/4/2011	265.88	Buy	26.11
203	BNJ	2578	238.03	190.48	2/6/2018	12/11/2020	-47.55	Sell	96.42
204	BLX	8526	500.96	501.44	11/13/2002	6/21/2017	0.48	Sell	66.64
205	AXS	8498	329.08	66.31	2/9/2000	3/15/2012	-262.77	Sell	72.61
206	REG^G	2478	592.96	573.1	6/17/2007	11/1/2009	-19.86	Buy	38.96
207	IVZ	7739	282.58	157.04	8/9/2010	10/30/2017	-125.54	Sell	70.08
208	NCR	2647	379.04	462.41	12/25/2017	10/3/2017	83.37	Buy	50.59
209	BTO	129	57.29	465.48	2/6/2013	5/1/2008	408.19	Sell	60.23
210	ISTR	1479	564.33	928.16	1/5/2022	12/27/2000	363.83	Buy	19.48
211	DCOM	9059	804.15	96.95	8/27/2002	1/24/2020	-707.2	Sell	53.67
212	EDBI	4085	486.34	162.49	7/1/2016	3/10/2012	-323.85	Buy	32.32
213	TSEM	8605	557.12	587.08	12/28/2020	1/6/2014	29.96	Buy	41.58
214		680	308.36	977.41	9/10/2007	7/20/2020	669.05	Buy	28.7
215	FGBI	8060	303.38	326.57	8/31/2002	7/12/2013	23.19	Buy	77.36
216		6905	477.09	427.44	9/9/2011	8/18/2012	-49.65	Sell	7.9
217	PNC^P	1217	31.17	247.32	6/17/2021	10/6/2014	216.15	Buy	30.77
218	PSDO	5939	836.86	531.27	6/1/2001	2/25/2003	-305.59	Sell	13.58
219	MPB	8785	975.98	680.82	6/22/2005	1/11/2017	-295.16	Buy	72.61
220	GTN.A	8488	257.43	828.7	12/23/2009	11/12/2011	571.27	Buy	3.33
221	MUS	1699	773.28	325.3	10/13/2016	12/13/2019	-447.98	Buy	93.82
222	RGLD	7289	963.89	207.42	2/4/2019	9/17/2003	-756.47	Buy	45.11
223	UONE	917	523.91	743.57	3/12/2004	3/22/2000	219.66	Sell	67.69
224	AGCO	996	292.85	954.49	12/31/2010	10/12/2014	661.64	Sell	57.85
225	RNDB	6159	967.9	147.53	10/17/2001	11/29/2015	-820.37	Buy	99.21
226	PFE	5734	912.27	274.79	10/7/2019	8/21/2005	-637.48	Buy	90.96
227	NRE	6711	614.6	701.07	8/21/2021	10/15/2013	86.47	Buy	7.13
228	GLBR	3927	311.11	708.45	11/4/2014	12/10/2001	397.34	Buy	50.69
229	FFIV	3435	787.75	108.33	7/21/2002	3/6/2007	-679.42	Buy	77.13
230		4766	116.61	593.6	12/16/2011	5/27/2007	476.99	Buy	50.32
231	WYNN	263	709.21	29.69	10/27/2009	12/28/2011	-679.52	Buy	65.8
232	ETG	2556	613.93	925.23	12/17/2010	11/15/2013	311.3	Buy	63.84
233	CMS	6919	508.75	269.64	5/30/2021	3/13/2008	-239.11	Buy	71.47
234	VXUS	4507	373.27	204.73		7/9/2002	-168.54	Buy	75.01
235	CYBE	789	430.7	815.13	11/16/2009	8/14/2013	384.43	Buy	90.68
236	HD	2429	491.79	452.34	7/17/2003	10/26/2019	-39.45	Sell	58.29
237	STRA	8290	494.88	533.51	7/23/2010	12/3/2011	38.63	Buy	60.57
238	SSNI	89	585.54	680.85	5/24/2001	6/6/2014	95.31	Sell	89.19
239	BUI	5720	995.65	353.78	2/9/2001	6/11/2002	-641.87	Buy	14.69
240	AKRX	5765	428.68	279.88	12/27/2021	8/1/2008	-148.8	Buy	13.99
241	TAX	6310	25.04	481.98	6/19/2000	4/14/2011	456.94	Buy	80.89
242	CMRX	3076	308.69	631.58	3/27/2010	5/26/2008	322.89	Sell	99.06
243	FKO	9242	845.69	607.48	2/1/2022	1/27/2006	-238.21	Buy	41.71
244	SLIM	2037	875.35	514.22	7/27/2009	2/13/2015	-361.13	Buy	92.75
245	KSU	887	179.52	695.56	7/20/2011	8/17/2015	516.04	Sell	90.29
246	APLE	8764	318.52	646.62	9/15/2014	2/25/2007	328.1	Buy	6.09


247		6388	329.53	841.77	5/28/2007	5/1/2006	512.24	Sell	93.52
248	MYJ	8117	928.02	723.91	8/14/2014	10/23/2018	-204.11	Buy	45.32
249	AJXA	1186	264.83	680.63	7/22/2014	5/3/2012	415.8	Buy	30.91
250	MHNB.CL	353	166.09	326.41	12/15/2021	12/25/2021	160.32	Buy	32.94
251	RPRX	7752	922.28	442.99	4/10/2009	11/21/2016	-479.29	Buy	42.02
252	AGCO	2714	221.29	322.43	3/7/2021	1/19/2001	101.14	Sell	15.67
253	RCS	7616	610.37	181.51	4/18/2015	7/31/2002	-428.86	Buy	94.76
254	BLVDU	3051	966.64	313.69	7/6/2002	11/28/2015	-652.95	Buy	3.23
255	FTA	9427	685.44	860.7	1/15/2010	11/4/2019	175.26	Sell	34.08
256	WFC^Q	5640	144.94	919.39	7/25/2020	11/28/2000	774.45	Sell	15.23
257	LINU	3784	742.25	316.28	3/6/2000	8/30/2020	-425.97	Sell	38.9
258	XHR	9857	166.99	824.99	7/21/2018	1/13/2014	658.0	Buy	92.7
259	IBKC	6694	450.64	634.05	11/25/2007	9/10/2019	183.41	Buy	41.38
260	BGC	4783	59.94	610.73	1/19/2012	2/14/2015	550.79	Sell	81.98
261	BATRA	5158	389.22	927.53	6/4/2017	4/13/2013	538.31	Buy	27.42
262	CHN	1766	193.31	547.8	4/28/2006	7/18/2021	354.49	Sell	7.14
263	PPG	8374	691.75	334.93	6/3/2022	12/22/2016	-356.82	Sell	52.55
264	DAR	3891	582.68	121.88	4/4/2010	8/8/2018	-460.8	Buy	47.63
265	VSTO	466	736.25	908.61	3/19/2013	3/20/2018	172.36	Sell	84.36
266	FEX	8792	752.41	209.82	9/4/2001	6/18/2011	-542.59	Sell	87.9
267	CDC	7233	536.74	593.0	2/15/2002	3/24/2008	56.26	Sell	21.34
268	ALLE	5268	650.7	113.67	10/2/2019	9/26/2012	-537.03	Buy	81.29
269	DSX	9050	104.39	85.32	3/27/2022	10/31/2006	-19.07	Buy	84.42
270	ABCB	1617	390.43	735.66	12/22/2020	7/7/2022	345.23	Sell	84.88
271	OBSV	2384	50.33	641.88	8/17/2000	3/3/2001	591.55	Buy	46.36
272	SPG^J	2078	827.23	974.84	1/10/2013	9/18/2005	147.61	Buy	24.99
273	OLP	9380	436.13	299.11		2/15/2002	-137.02	Sell	48.93
274	SOL	9294	306.98	509.99	8/1/2005	9/25/2018	203.01	Sell	95.29
275	ABG	9650	334.56	201.4	1/3/2010	7/20/2000	-133.16	Sell	66.69
276		3116	2.02	225.09	11/9/2014	5/19/2010	223.07	Sell	30.51
277	COF.WS	8249	516.88	849.15	6/24/2002	1/27/2010	332.27	Buy	4.65
278	COL	7876	347.85	124.26	10/10/2000	1/15/2015	-223.59	Sell	25.75
279	HURN	5307	231.74	100.56	1/21/2019	11/4/2010	-131.18	Sell	52.04
280	JFR	7903	731.79	609.79	2/28/2009	7/23/2011	-122.0	Sell	80.73
281	GTN.A	8490	821.5	988.12	9/18/2016	6/27/2006	166.62	Buy	62.46
282	NYMTP	1042	574.48	171.24	9/28/2002	2/9/2006	-403.24	Buy	40.0
283	SAB	9501	548.49	521.64	12/28/2006	7/29/2022	-26.85	Sell	5.77
284	NYMTO	3152	368.18	182.98	8/5/2001	5/23/2004	-185.2	Buy	46.84
285	DAKT	9149	984.82	887.71	5/10/2019	11/3/2016	-97.11	Buy	40.96
286	ITUB	9202	597.22	23.55	11/17/2019	3/22/2019	-573.67	Buy	8.72
287	CRVL	7628	176.89	409.59	3/27/2020	2/1/2012	232.7	Sell	75.72
288	NOV	7216	958.95	458.43	9/25/2021	1/23/2002	-500.52	Buy	94.28
289	OII	1763	229.25	173.5	5/28/2003	9/19/2015	-55.75	Sell	21.96
290	VPV	7236	225.45	354.15	9/9/2001	5/28/2003	128.7	Buy	54.17
291	MON	76	120.26	628.14	3/7/2000	4/26/2014	507.88	Buy	85.08
292	PEI^A	5762	819.31	728.53	8/31/2014	4/21/2017	-90.78	Sell	91.15
293	BWFG	1788	116.74	197.93	4/17/2018	9/8/2016	81.19	Buy	26.45
294	NEE^C	3064	725.51	206.37	7/23/2018	8/28/2016	-519.14	Sell	48.24
295	XEC	5979	282.83	636.77	4/24/2000	2/23/2005	353.94	Sell	91.54
296	DGLD	6970	642.17	598.13	3/22/2017	7/7/2004	-44.04	Buy	52.59
297	GNE	5718	906.96	61.74	7/20/2016	7/14/2010	-845.22	Buy	46.38
298	WLK	4791	529.06	11.47	11/21/2020	12/24/2001	-517.59	Buy	75.83
299	EMCG	9016	310.61	460.22	9/29/2015	4/21/2009	149.61	Buy	17.26
300	SBNB	3496	386.39	761.83	6/8/2010	12/11/2021	375.44	Sell	94.95
301	CSIQ	6598	226.27	367.71	9/20/2004	9/21/2014	141.44	Buy	86.4
302	KTH	9610	544.71	94.59	9/16/2018	8/21/2020	-450.12	Sell	75.96
303	QQQX	736	135.84	323.9	6/30/2004	9/3/2011	188.06	Buy	45.4
304	CMS	4007	286.81	936.46	2/18/2012	9/6/2009	649.65	Buy	97.67
305	TEVA	6186	234.15	161.42	9/21/2017	2/19/2015	-72.73	Sell	75.57
306	ANIP	423	644.29	854.12	7/24/2018	7/4/2007	209.83	Sell	28.36
307	FBR	9805	773.96	892.61	3/5/2004	3/6/2019	118.65	Buy	65.42
308	AED	465	148.71	222.31	9/22/2011	10/23/2005	73.6	Sell	33.16
309	SAR	6402	678.23	44.44	9/18/2009	9/25/2000	-633.79	Buy	9.89
310	CTIC	2531	311.17	484.22	12/11/2006	10/13/2009	173.05	Sell	20.82
311	KIM^K	9293	785.9	235.11	3/8/2018	2/14/2002	-550.79	Buy	74.67
312	AHT^A	2034	477.44	729.27	3/6/2016	10/31/2006	251.83	Buy	77.13
313	HBAN	1882	171.57	294.19	11/23/2003	4/22/2020	122.62	Sell	60.55
314	AXAR	8660	206.85	761.98	12/19/2015	9/18/2005	555.13	Sell	42.28
315	SBBC	2349	201.68	583.63	3/13/2011	5/7/2010	381.95	Buy	4.87
316	ERIC	2904	38.88	45.96	12/23/2019	3/22/2010	7.08	Buy	3.65
317	NORD	7253	953.06	603.82	2/22/2022	12/19/2003	-349.24	Sell	68.09
318	AGIIL	6315	790.64	56.43	6/25/2001	3/29/2013	-734.21	Buy	65.33
319	STDY	9129	823.21	663.89	5/5/2012	9/2/2004	-159.32	Buy	40.26
320		8317	444.12	327.77	12/7/2016	5/25/2014	-116.35	Buy	66.33
321	FTCS	1118	430.15	182.42	3/15/2009	12/9/2020	-247.73	Buy	8.42
322	AMSWA	1473	558.33	52.28	4/12/2003	4/23/2006	-506.05	Buy	1.18
323	CSOD	8139	936.68	127.27	9/5/2017	8/3/2010	-809.41	Sell	27.55
324	INF	5775	60.06	994.98	12/9/2011	2/10/2008	934.92	Buy	47.48
325	BHVN	1503	683.73	735.06	5/2/2021	3/22/2016	51.33	Sell	50.26
326	BGX	9048	840.93	847.32	10/28/2013	5/14/2016	6.39	Buy	45.32
327	NXQ	8125	216.7	545.2	3/9/2020	3/28/2005	328.5	Buy	40.09
328	HTBX	1086	513.63	462.19	1/24/2001	9/28/2006	-51.44	Sell	7.61
329	ENIA	1015	280.19	471.71	8/8/2005	4/7/2019	191.52	Buy	19.92
330	WNC	5914	630.34	240.27	5/25/2018	3/8/2001	-390.07	Sell	73.53
331	SNA	2793	866.08	387.98	12/27/2000	9/20/2009	-478.1	Buy	58.86
332	BIIB	4168	984.8	338.82	2/18/2013	8/13/2009	-645.98	Buy	82.48
333	NTRP	9858	550.79	231.6	7/20/2009	5/20/2013	-319.19	Sell	28.37
334	QSR	3606	151.61	985.5	5/29/2007	9/7/2018	833.89	Sell	41.31
335	NNI	4397	428.08	861.89	10/12/2021	9/30/2010	433.81	Buy	63.58
336	ADMA	3334	903.11	762.02	12/4/2004	8/6/2010	-141.09	Sell	50.58
337	WOOF	8254	281.86	988.58	8/19/2014	6/7/2008	706.72	Buy	90.42
338	SDLP	3565	509.85	566.57	10/12/2009	10/11/2010	56.72	Sell	89.97
339	RDC	1997	913.31	681.84	5/13/2006	5/4/2004	-231.47	Sell	2.8
340	WFC	2613	406.01	299.47	6/16/2022	11/20/2013	-106.54	Sell	50.67
341	PDBC	4631	211.38	111.22	1/24/2004	9/17/2004	-100.16	Sell	14.02
342	JMM	1777	246.1	893.49	10/11/2022	5/8/2022	647.39	Sell	8.79
343	MFT	7741	154.76	828.94	2/24/2020	12/25/2003	674.18	Buy	80.09
344	TV	4570	883.72	626.0	10/5/2013	9/17/2010	-257.72	Sell	82.83
345	ISBC	4902	237.18	993.18	2/25/2017	8/19/2014	756.0	Buy	63.79
346	FOSL	8130	56.91	280.19	2/20/2007	12/15/2020	223.28	Buy	59.62
347	EDN	7957	150.03	904.86	5/24/2014	4/2/2008	754.83	Sell	18.41
348		4775	713.54	463.94	12/18/2003	7/11/2014	-249.6	Sell	44.7
349	CINF	7881	736.82	80.29	11/22/2013	10/31/2009	-656.53	Buy	13.68
350	WVFC	7402	367.88	18.57	2/19/2018	4/21/2002	-349.31	Sell	62.87
351	GAINO	6976	248.18	535.3	10/31/2022	5/13/2009	287.12	Sell	26.32
352	HGH	4047	406.54	166.68	4/2/2012	9/17/2020	-239.86	Buy	62.6
353	BYFC	7375	866.92	924.31	7/1/2007	5/16/2013	57.39	Buy	86.95
354	MGA	6948	150.33	946.03	6/2/2022	9/12/2006	795.7	Sell	55.81
355	SPRT	4037	639.28	890.32	6/21/2014	6/14/2016	251.04	Sell	89.95
356	DHIL	9408	841.55	578.37	1/4/2007	8/10/2012	-263.18	Sell	10.0
357	PMF	952	382.47	379.0	2/16/2001	11/10/2020	-3.47	Sell	67.32
358	ALL	4841	512.09	986.84	1/13/2007	3/21/2019	474.75	Buy	20.29
359	OVID	937	886.04	345.73	10/4/2011	4/29/2006	-540.31	Sell	2.15
360	TVPT	5719	474.94	51.36	11/10/2003	1/17/2022	-423.58	Sell	76.75
361	COG	9140	727.73	717.83	7/26/2010	9/24/2002	-9.9	Buy	46.37
362	T	126	984.02	719.63	5/19/2021	3/10/2019	-264.39	Sell	78.83
363	NHI	9416	170.72	219.14	3/17/2016	4/25/2018	48.42	Sell	79.6
364	BICK	331	283.27	256.6	10/3/2022	12/11/2001	-26.67	Buy	35.06
365	TAX	9260	80.29	491.5	8/23/2004	7/2/2009	411.21	Buy	61.38
366	GSL^B	9211	31.77	39.06	12/2/2001	7/4/2015	7.29	Sell	86.49
367	BLH	7450	441.04	293.25	2/7/2005	7/6/2011	-147.79	Sell	95.95
368	TLI	8683	913.18	181.51	2/22/2001	5/26/2013	-731.67	Buy	82.87
369	BVXVW	2777	111.51	857.94	9/28/2008	3/20/2009	746.43	Buy	83.66

370	RMGN	6299	315.44	800.09		1/7/2010	484.65	Buy	98.39
371	APPF	2492	363.08	949.89	6/8/2015	8/26/2020	586.81	Sell	47.09
372	SBRA	6357	939.43	42.34	2/2/2005	1/28/2015	-897.09	Sell	70.9
373	RGCO	7852	366.07	630.76	2/15/2017	1/21/2012	264.69	Sell	74.53
374	XENT	1217	790.45	404.49	12/9/2002	12/8/2007	-385.96	Sell	66.63
375	OPK	3766	543.96	896.3	8/5/2020	1/11/2007	352.34	Sell	93.9
376	WIFI	4604	997.47	730.61	10/30/2003	3/20/2021	-266.86	Buy	50.28
377	UPLD	7320	392.19	703.89	10/16/2015	1/31/2020	311.7	Sell	56.53
378	JSYNR	970	803.23	866.64	5/1/2003	2/28/2004	63.41	Buy	65.67
379	BWP	4987	473.75	10.18	3/6/2003	9/26/2004	-463.57	Sell	66.11
380	SRNE	7525	894.5	985.55	6/19/2016	11/16/2002	91.05	Buy	76.01
381	BBSI	205	925.55	499.2		7/27/2003	-426.35	Buy	22.55
382	BBH	5778	293.66	809.07	12/31/2012	10/24/2015	515.41	Buy	82.33
383	DNI	7180	454.73	750.95	7/4/2019	10/14/2016	296.22	Sell	10.62
384	VSLR	2374	513.66	582.44	12/30/2021	7/20/2006	68.78	Buy	26.07
385	PNC.WS	5543	592.43	871.01	1/25/2020	8/8/2014	278.58	Buy	89.45
386	NTB	8756	484.62	522.83	10/7/2011	5/9/2007	38.21	Sell	42.16
387	NDLS	4264	149.15	94.54	8/24/2002	5/26/2007	-54.61	Buy	68.49
388	NWFL	2550	456.61	469.25	9/17/2013	9/7/2021	12.64	Buy	54.7
389	PEB^C	1745	981.04	96.77	9/24/2020	2/6/2013	-884.27	Buy	36.41
390	NI	4156	258.29	468.29	5/2/2019	4/19/2005	210.0	Buy	94.38
391	ASYS	7098	416.57	756.48	10/30/2005	9/8/2011	339.91	Sell	67.02
392	AMOT	9161	570.91	838.93		5/23/2015	268.02	Sell	61.06
393	ACH	1230	952.97	873.36	11/9/2001	6/1/2002	-79.61	Sell	62.07
394	GARS	2217	686.32	591.77	7/6/2008	10/28/2005	-94.55	Buy	49.51
395	SPH	289	195.86	189.08	5/10/2010	8/13/2004	-6.78	Buy	78.9
396	TCBK	9896	592.18	100.74	11/11/2016	10/5/2022	-491.44	Sell	8.19
397	RBC	2488	378.16	572.46	11/1/2014	7/21/2004	194.3	Buy	42.71
398	AQMS	3679	227.82	975.61	11/17/2021	10/23/2010	747.79	Sell	65.27
399	VRTSP	1753	368.24	586.44	1/28/2013	1/12/2012	218.2	Sell	38.91
400	FPL	8719	187.47	629.94	9/14/2001	6/22/2012	442.47	Sell	72.4
401	OTTW	1495	911.32	803.45	8/27/2014	7/21/2002	-107.87	Sell	10.71
402	FMS	7430	524.23	415.58	8/15/2013	2/1/2002	-108.65	Buy	96.66
403	BML^H	2103	12.83	916.56	10/7/2015	10/28/2001	903.73	Sell	29.94
404	VOD	6325	644.68	491.17	3/27/2013	11/5/2011	-153.51	Buy	15.01
405	ELTK	3959	832.15	911.53	1/4/2009	8/18/2007	79.38	Sell	2.17
406	LOXO	5330	651.06	477.02	6/3/2017	1/17/2000	-174.04	Buy	30.07
407	AZPN	6952	699.0	245.79	8/9/2014	2/5/2011	-453.21	Buy	89.29
408	AKBA	4302	493.03	204.04	1/8/2002	11/9/2017	-288.99	Buy	87.46
409	LLEX	2829	776.62	745.47	1/3/2012	4/2/2014	-31.15	Buy	35.97
410	URRE	7639	216.77	940.12	11/20/2021	6/16/2019	723.35	Sell	15.07
411	GNCA	5815	360.72	289.57	4/28/2004	8/6/2020	-71.15	Buy	54.82
412	FEMS	4006	761.21	23.36	9/27/2005	3/19/2004	-737.85	Buy	91.28
413	DLNG	2449	626.3	401.3	6/18/2022	7/18/2009	-225.0	Sell	16.31
414	TAL	1195	950.0	862.2	3/10/2006	2/13/2014	-87.8	Sell	60.34
415	EEFT	8667	560.79	519.17	4/14/2014	9/22/2002	-41.62	Buy	29.64
416	RIO	6544	634.88	968.76	11/28/2008	2/4/2016	333.88	Sell	48.8
417	LIND	5813	482.87	493.48	10/15/2010	11/18/2020	10.61	Buy	61.2
418	STMP	6570	475.34	782.55	2/4/2016	12/15/2022	307.21	Buy	62.63
419	DWAS	6716	165.8	655.07	3/24/2005	1/10/2003	489.27	Buy	62.95
420	CHS	996	130.73	835.4	12/24/2000	5/17/2010	704.67	Buy	59.93
421	MFG	2154	105.54	414.85	6/5/2002	8/11/2011	309.31	Sell	79.72
422	EQC^D	7064	816.45	23.28	9/19/2004	7/7/2017	-793.17	Sell	78.37
423		2309	10.37	45.92	7/19/2008	2/4/2007	35.55	Sell	17.04
424	BGC	5490	433.18	679.8	10/5/2021	5/21/2019	246.62	Sell	44.33
425	SBCF	6523	751.1	752.34	4/7/2013	12/4/2019	1.24	Buy	15.57
426	NEM	2790	79.7	105.08	7/26/2008	9/11/2011	25.38	Buy	12.17
427	PERI	7581	317.55	498.86	4/24/2018	12/24/2016	181.31	Sell	58.48
428	DXC	7192	732.82	57.85	9/19/2020	12/25/2008	-674.97	Sell	33.98
429	CPLA	9678	332.69	514.28	8/10/2004	1/14/2022	181.59	Buy	12.32
430	NXTD	8804	395.52	723.33	10/26/2002	10/1/2019	327.81	Sell	60.77
431	STMP	985	821.86	69.57	6/10/2014	1/23/2016	-752.29	Sell	73.36
432	STLY	9026	573.04	467.73	6/12/2016	6/22/2006	-105.31	Sell	67.8
433	GS^A	6889	768.25	136.35	8/1/2015	6/29/2002	-631.9	Sell	27.55
434	ARI^C	8112	205.9	66.96	11/23/2007	11/8/2008	-138.94	Buy	50.17
435	YTEN	4671	985.58	498.61	12/14/2001	8/8/2001	-486.97	Buy	83.33
436	MDRX	810	19.28	820.69	3/13/2020	4/5/2002	801.41	Sell	8.68
437	BVN	2186	328.85	3.83	3/16/2018	7/6/2017	-325.02	Sell	65.36
438	DSW	2680	943.89	487.13	3/5/2022	8/29/2001	-456.76	Buy	42.57
439	ESE	5981	335.32	167.62	8/3/2022	5/29/2020	-167.7	Buy	19.45
440		4754	94.31	232.13	5/31/2006	1/27/2007	137.82	Buy	38.52
441	BFK	5360	826.72	783.31	7/28/2007	4/19/2018	-43.41	Sell	77.47
442	EGHT	246	398.59	109.24	7/24/2014	7/2/2021	-289.35	Buy	75.46
443	AGRX	5499	723.13	780.82		12/27/2010	57.69	Sell	56.56

444	CNTF	2552	247.13	311.72	8/23/2014	6/15/2015	64.59	Buy	90.23
445	KYN	2957	461.49	37.9	6/25/2018	5/23/2015	-423.59	Sell	46.77
446	ECA	5062	729.95	629.71	12/12/2017	9/27/2005	-100.24	Sell	21.21
447	CIB	9759	394.04	28.29	4/12/2013	11/2/2012	-365.75	Buy	65.83
448	MYD	4882	427.87	114.8	2/18/2016	1/14/2002	-313.07	Buy	50.73
449	MOS	4571	767.39	318.4	5/2/2015	7/12/2003	-448.99	Sell	35.07
450	OIS	7047	802.61	378.7	10/7/2009	6/7/2003	-423.91	Sell	10.67
451	IPGP	1911	614.68	37.31	7/23/2011	10/14/2002	-577.37	Sell	6.92
452	BAP	3485	348.79	352.61	10/8/2000	8/27/2021	3.82	Sell	29.5
453	LILA	3301	883.44	239.09	4/23/2019	6/7/2001	-644.35	Sell	44.71
454	ISCA	661	104.3	545.06	3/14/2015	10/25/2002	440.76	Sell	18.4
455	DD	1628	422.0	553.38	1/31/2004	4/2/2017	131.38	Sell	79.46
456	QTRH	979	960.14	281.37	3/24/2001	1/14/2013	-678.77	Buy	18.07
457	AEGN	9735	12.38	55.92	4/14/2020	1/31/2002	43.54	Sell	36.0
458	LXFT	1328	623.71	866.9	6/21/2020	2/5/2011	243.19	Buy	7.66
459	LXRX	6423	477.13	485.57	6/20/2000	5/14/2002	8.44	Sell	36.91
460	VIA	354	463.0	655.36	11/19/2008	6/21/2022	192.36	Sell	79.86
461	CPL	2601	96.65	821.24	4/22/2010	7/28/2009	724.59	Sell	35.99
462	PRSS	7335	784.41	834.59	3/9/2001	3/1/2017	50.18	Sell	97.31
463	WFC^Y	4303	810.7	293.43	4/5/2006	8/1/2019	-517.27	Buy	29.56
464	WSO	279	640.63	149.92	5/3/2015	6/28/2020	-490.71	Sell	98.96
465	WTFCM	3186	960.1	898.27	12/5/2004	12/26/2016	-61.83	Buy	83.63
466	USAT	577	611.5	192.22	12/8/2008	10/28/2010	-419.28	Buy	64.22
467	AGM^C	1082	8.19	288.02	6/16/2010	4/19/2004	279.83	Sell	6.07

468	RBPAA	1669	872.28	200.16	1/18/2007	3/3/2002	-672.12	Sell	51.03
469	PSA	2139	152.27	409.48	5/26/2010	1/9/2006	257.21	Buy	10.43
470	PXS	6067	197.71	928.92	3/20/2000	6/15/2006	731.21	Sell	61.99
471	CLDT	493	202.46	881.88	3/31/2006	11/18/2021	679.42	Buy	19.09
472	TEL	7817	60.77	916.73	10/19/2013	6/12/2014	855.96	Buy	17.8
473	GCVRZ	5604	500.53	358.3	12/21/2015	2/22/2000	-142.23	Sell	5.07
474	EP^C	5882	751.42	660.17	9/2/2015	12/11/2016	-91.25	Buy	14.84
475	EPAM	5986	84.37	652.21	8/23/2020	3/24/2017	567.84	Sell	96.64
476	TBI	192	877.49	372.26	6/19/2005	8/30/2018	-505.23	Buy	62.26
477	FRAN	1926	141.44	31.15	9/2/2018	3/3/2021	-110.29	Buy	55.53
478	HDNG	7320	726.53	341.23	11/2/2006	1/11/2021	-385.3	Sell	17.53
479	TRHC	4727	727.38	330.75	10/18/2013	12/13/2022	-396.63	Sell	35.67
480	BABY	6567	822.03	429.28	8/12/2001	2/3/2019	-392.75	Sell	71.42
481	AWI	1032	60.25	183.02	7/18/2015	3/7/2004	122.77	Buy	20.58
482	JW.B	1171	353.6	989.3	1/6/2014	4/14/2017	635.7	Sell	99.4
483	GENC	5699	170.44	359.99	1/21/2016	1/1/2012	189.55	Sell	68.8
484	MIN	2549	979.36	838.35	8/13/2012	10/4/2009	-141.01	Buy	36.14
485	NGG	1723	176.89	673.78	7/3/2002	1/5/2003	496.89	Sell	8.73
486	PBF	2370	752.61	967.24	1/6/2017	2/20/2014	214.63	Buy	32.53
487	NGL	1081	151.82	563.15	8/24/2014	4/2/2021	411.33	Buy	85.53
488	SHPG	1354	457.85	733.66	11/28/2021	2/19/2004	275.81	Buy	68.14
489	CUNB	1818	675.23	201.97	9/24/2001	5/30/2003	-473.26	Sell	70.92
490		8476	773.86	917.73	6/22/2001	8/22/2015	143.87	Buy	49.55
491	JEC	5680	824.55	827.45	3/23/2014	10/2/2009	2.9	Sell	22.54
492	ISTR	1859	555.13	118.58	1/3/2009	1/14/2019	-436.55	Buy	70.31
493	NYRT	5740	904.12	54.56	8/17/2010	4/28/2015	-849.56	Buy	9.72
494	ONVI	4050	11.6	647.58	1/18/2009	1/1/2012	635.98	Buy	94.94
495	TI.A	330	357.72	348.87	9/2/2018	10/26/2010	-8.85	Buy	82.37
496	BTZ	9036	351.82	374.47	11/27/2013	3/1/2019	22.65	Buy	50.97
497	CFBI	5251	836.56	655.9	10/30/2010	4/10/2009	-180.66	Buy	86.4
498	FBSS	4916	541.59	897.26	1/1/2004	4/7/2011	355.67	Sell	64.54
499	DMLP	3646	471.34	360.33	4/15/2021	10/8/2017	-111.01	Buy	32.96
500	AWR	2412	79.42	123.8	11/22/2014	11/5/2007	44.38	Sell	31.11
501	SUMR	526	874.05	888.26	1/13/2005	3/23/2010	14.21	Sell	77.93
502	ZTR	2102	61.21	766.22		2/5/2000	705.01	Buy	55.51
503	BX	7988	894.83	256.15	12/8/2004	9/15/2005	-638.68	Buy	46.37
504	USG	2477	158.32	867.68	11/25/2022	9/12/2019	709.36	Buy	29.01
505	AVH	4702	909.12	745.15	4/23/2005	4/20/2011	-163.97	Buy	66.28
506	SMIT	3066	208.81	33.69	3/31/2008	4/13/2009	-175.12	Sell	96.91
507	TCMD	2734	546.4	836.88	4/16/2018	4/5/2002	290.48	Buy	11.55
508	DEST	680	68.95	617.0	8/9/2004	8/22/2006	548.05	Buy	37.25
509	CALD	3596	211.35	586.88	9/27/2005	2/24/2018	375.53	Buy	69.57
510	MSM	3016	454.88	371.47	10/28/2006	7/15/2002	-83.41	Buy	93.99
511	TPVZ	9421	790.49	246.62	9/26/2006	1/19/2018	-543.87	Buy	31.56
512	PQ	1396	615.95	356.13	6/4/2017	11/1/2000	-259.82	Buy	51.88
513	TRPX	2411	288.75	850.13	2/3/2007	11/20/2018	561.38	Sell	58.98
514	MOFG	8746	259.69	336.3	8/8/2008	5/2/2008	76.61	Sell	66.43
515	BBP	8167	487.84	171.51	8/15/2003	12/30/2011	-316.33	Sell	38.27
516	TFSL	259	223.9	492.7	5/20/2004	9/21/2019	268.8	Buy	56.44

517	HBANP	2825	571.81	984.43	7/12/2013	9/27/2013	412.62	Buy	70.19
518	CHFS	3775	936.63	123.67	5/13/2004	9/25/2003	-812.96	Sell	95.34
519	ACRX	9	168.69	678.27	6/6/2011	3/1/2003	509.58	Sell	97.49
520	ETRM	4844	719.02	389.82	6/8/2000	11/26/2007	-329.2	Buy	47.25
521	FIG	8440	803.81	686.99		5/22/2003	-116.82	Buy	30.96
522	KMI	9319	556.68	590.57	1/17/2003	2/21/2003	33.89	Sell	13.99
523	MRTN	165	293.12	843.17	4/15/2012	9/13/2004	550.05	Sell	14.49
524	BATRK	9701	554.86	418.33	8/27/2013	11/25/2018	-136.53	Sell	74.72
525	UCP	7228	34.12	85.89	5/4/2004	2/27/2001	51.77	Sell	98.35
526	SVBI	4766	222.81	108.06	5/31/2006	10/17/2021	-114.75	Sell	88.34
527	MMLP	5362	159.68	274.15	10/8/2002	9/15/2018	114.47	Buy	92.8
528	SOFO	4394	112.12	623.65	6/29/2001	6/25/2004	511.53	Buy	7.45
529	HF	300	809.71	390.4		1/8/2005	-419.31	Sell	66.72
530	TTWO	7421	458.84	72.92	8/20/2010	3/9/2002	-385.92	Buy	25.5
531	IQI	5477	16.2	250.95	5/26/2020	9/29/2003	234.75	Buy	37.85
532	MTB	4366	686.0	278.6	8/18/2015	7/9/2008	-407.4	Buy	89.44
533	BMS	6768	480.95	685.18	1/11/2019	5/31/2012	204.23	Sell	97.33
534	VEON	1183	940.09	795.12	8/9/2009	9/18/2003	-144.97	Buy	23.85
535	TAHO	6464	643.48	767.83	4/2/2002	5/19/2015	124.35	Sell	38.55
536	WEBK	5475	782.51	199.79	12/5/2000	6/16/2011	-582.72	Sell	57.2
537	RRC	5348	266.16	171.5	9/26/2011	4/24/2010	-94.66	Buy	43.31
538	LEG	9661	135.35	152.76	3/12/2001	5/18/2009	17.41	Sell	52.48
539	BVXV	3840	397.17	227.26	7/10/2008	7/7/2004	-169.91	Sell	55.44
540	CTBB	2804	363.07	45.39	1/23/2020	1/10/2011	-317.68	Sell	96.47

541	LADR	1750	630.55	24.45	10/28/2001	7/6/2006	-606.1	Buy	55.01
542	VTGN	98	254.65	357.89	4/5/2007	8/30/2010	103.24	Sell	4.52
543	CACG	5462	748.99	873.22	4/12/2001	4/8/2011	124.23	Buy	29.36
544	KBWD	9462	552.66	684.59	1/2/2000	12/28/2018	131.93	Sell	37.05
545	ZBK	9547	98.87	595.51	4/28/2007	4/14/2016	496.64	Buy	93.51
546	MZOR	7039	509.79	401.64	1/29/2010	6/2/2014	-108.15	Sell	22.23
547	LULU	9871	5.2	596.63	11/19/2013	4/20/2016	591.43	Buy	90.15
548	STAR^G	8710	689.71	730.55	7/26/2011	7/19/2009	40.84	Buy	8.86
549	SDR	3856	657.27	493.44	2/5/2000	7/21/2013	-163.83	Buy	23.37
550	HIG	114	968.94	765.57	6/30/2005	6/28/2004	-203.37	Buy	58.69
551	SKM	7143	376.33	711.81	6/9/2010	4/20/2004	335.48	Buy	84.86
552	BIF	3273	641.8	596.93	9/20/2000	2/9/2007	-44.87	Sell	34.23
553	CSII	5845	718.83	923.88	10/28/2004	3/9/2011	205.05	Buy	67.93
554	MTLS	4640	808.66	68.01	3/3/2001	12/30/2017	-740.65	Buy	17.17
555	CALX	2709	156.77	276.59	4/30/2005	11/27/2013	119.82	Sell	44.27
556	PAM	3864	588.63	269.86	12/27/2017	6/14/2008	-318.77	Buy	83.84
557	PPH	2498	514.1	276.56	3/7/2007	3/30/2016	-237.54	Buy	84.63
558	BMO	2789	971.3	504.6	11/1/2004	2/25/2018	-466.7	Buy	17.37
559	PNRA	7149	641.34	585.62	11/28/2011	12/18/2014	-55.72	Sell	93.3
560	CSRA	3568	239.77	982.06	8/17/2000	9/20/2008	742.29	Buy	95.32
561	TWMC	511	220.55	183.31	4/11/2020	5/25/2004	-37.24	Sell	4.69
562	REXR	826	459.86	257.94	11/2/2009	2/1/2009	-201.92	Sell	97.06
563	PDEX	5331	26.39	424.92	12/29/2012	1/21/2022	398.53	Sell	71.87
564	WEX	7550	316.71	694.22	12/10/2004	1/19/2000	377.51	Buy	36.33
565	CUNB	3760	246.21	713.04	8/3/2012	4/23/2005	466.83	Buy	73.54
566	FTHI	4913	345.14	627.3	4/18/2015	8/7/2007	282.16	Buy	82.06
567	IR	4857	501.72	391.97	7/28/2019	1/22/2017	-109.75	Sell	34.13
568	CUTR	8843	286.93	273.44	3/17/2012	1/13/2000	-13.49	Sell	21.78
569	VONG	4	512.31	493.26	11/19/2004	12/15/2008	-19.05	Buy	54.69
570	TICC	3272	668.12	536.59	6/22/2001	8/2/2008	-131.53	Sell	53.89
571	INCY	4144	536.13	579.38	4/13/2015	12/5/2006	43.25	Sell	76.89
572	NBB	6652	41.27	459.9	12/4/2006	3/30/2019	418.63	Sell	29.94
573	CDZI	2080	148.92	199.32	4/25/2017	10/26/2018	50.4	Sell	53.45
574	CAPR	7680	573.13	94.99	5/1/2008	6/22/2015	-478.14	Sell	65.68
575	FOLD	5029	120.88	737.14	7/8/2002	2/14/2013	616.26	Buy	32.35
576	GHY	8440	761.2	482.99	4/12/2019	8/30/2021	-278.21	Sell	27.09
577	MOMO	754	562.82	980.23	9/22/2011	8/12/2007	417.41	Sell	59.08
578	JMPC	7917	395.32	802.26	2/25/2021	8/12/2021	406.94	Sell	61.68
579	MRIN	2756	348.47	432.71	12/2/2004	11/17/2003	84.24	Sell	41.48
580	UEIC	5553	671.61	257.93	7/28/2016	2/1/2021	-413.68	Buy	50.79
581	CYS^A	2650	430.01	905.83	6/21/2006	12/3/2001	475.82	Buy	20.33
582	NXP	6092	417.03	152.31	7/8/2001	2/11/2022	-264.72	Buy	59.4
583	CYS	7742	373.92	949.09	9/7/2014	5/26/2009	575.17	Sell	82.49
584	HUBS	5176	679.16	696.4		9/3/2022	17.24	Sell	57.4
585	FTXG	5994	137.91	427.08	2/5/2017	11/23/2012	289.17	Sell	71.9
586	MHO	830	955.85	562.62	2/25/2006	9/24/2014	-393.23	Sell	14.76
587	S	1341	50.72	730.47	1/3/2000	1/17/2019	679.75	Buy	78.85
588	SCQ	7206	945.73	647.85	1/14/2001	6/18/2021	-297.88	Buy	76.63
589	BORN	6844	814.46	417.56	12/9/2011	3/5/2011	-396.9	Sell	65.98
590	F	5324	906.36	669.99	4/30/2017	5/16/2001	-236.37	Sell	40.26
591	FELE	3046	748.14	745.11	11/1/2010	6/30/2019	-3.03	Sell	96.26
592	WEX	3031	36.01	86.34	5/9/2011	4/3/2005	50.33	Sell	24.4
593	UBSI	4262	507.66	563.71	4/13/2002	9/11/2017	56.05	Sell	36.1
594	CHW	9057	702.04	585.74	10/12/2007	2/8/2009	-116.3	Buy	19.13
595		7148	952.22	976.93	10/15/2019	1/16/2015	24.71	Buy	61.15
596	CPN	1441	654.07	962.72	2/13/2001	7/17/2018	308.65	Buy	96.13
597	P	2799	540.64	270.53	8/28/2015	2/5/2003	-270.11	Buy	56.58
598	EURN	7623	215.71	339.06	4/4/2006	3/9/2004	123.35	Buy	22.72
599	EGLE	9831	283.74	544.61	11/20/2022	6/10/2004	260.87	Buy	73.94
600	PATK	2066	891.17	427.2	3/10/2005	10/10/2011	-463.97	Buy	54.31
601		3960	406.64	789.52	2/21/2004	4/22/2019	382.88	Buy	42.05
602	AMNB	4402	485.32	369.82	11/25/2020	1/31/2016	-115.5	Buy	80.37
603	AIY	8488	325.38	797.69	6/3/2012	6/27/2019	472.31	Buy	15.78
604	NFJ	2031	69.34	891.51	1/5/2011	1/20/2018	822.17	Sell	64.55
605		2218	392.4	758.02	5/15/2017	2/28/2007	365.62	Buy	16.81
606	CFI	5046	599.98	938.93	3/9/2019	11/20/2008	338.95	Sell	16.32
607	PSCH	6724	913.65	35.18	11/27/2016	3/20/2001	-878.47	Buy	3.58
608	RIGL	8376	89.43	312.32	5/23/2017	4/1/2000	222.89	Sell	12.02
609	AEHR	6991	43.02	313.69	11/18/2007	7/31/2004	270.67	Sell	95.02
610	SAFT	4433	914.35	957.38	10/2/2010	3/23/2017	43.03	Buy	52.26
611	PAAS	1691	132.15	574.34	8/20/2010	6/13/2001	442.19	Sell	92.66
612	EGN	3212	40.6	172.58	9/12/2018	6/11/2010	131.98	Sell	62.92
613	NVR	4565	380.71	184.12	9/18/2002	8/23/2006	-196.59	Sell	71.8
614		805	352.66	28.34	10/14/2010	1/11/2005	-324.32	Sell	85.49
615	ADRD	2430	85.2	633.5	3/3/2022	7/31/2010	548.3	Buy	7.46
616	GTYHU	456	15.53	271.19	3/1/2010	10/24/2015	255.66	Sell	95.24
617		6288	511.26	944.6	10/26/2001	5/15/2018	433.34	Buy	20.31
618	BAC^L	1523	4.34	820.34	5/14/2021	2/9/2004	816.0	Sell	93.46
619	KNDI	7742	970.6	526.33	4/20/2003	2/15/2008	-444.27	Sell	23.79
620	LEO	3374	974.07	33.67	12/8/2010	1/1/2018	-940.4	Sell	79.36
621	HNP	3088	451.89	612.72	10/26/2013	7/18/2011	160.83	Sell	94.43
622	LBRDK	7748	942.96	631.76	11/28/2011	4/14/2007	-311.2	Sell	89.85
623	NVGN	9695	302.74	115.84	12/3/2019	4/1/2005	-186.9	Buy	12.52
624	STLRU	4457	975.64	465.47	10/16/2007	12/18/2016	-510.17	Buy	38.34
625	AFA	3762	772.34	665.03	4/26/2021	4/4/2010	-107.31	Buy	6.81
626	BSF	8895	707.21	360.45	2/23/2003	1/12/2003	-346.76	Sell	18.35
627	FCEF	481	610.47	984.88	1/7/2008	6/3/2010	374.41	Sell	65.68
628	FEO	1052	813.2	530.98	4/10/2010	3/29/2009	-282.22	Sell	19.06
629	BTZ	6068	661.34	877.51		8/13/2002	216.17	Sell	50.03
630	KMX	2815	748.58	22.72	5/13/2006	8/20/2020	-725.86	Buy	9.02
631	AOD	4552	405.67	987.21		10/3/2004	581.54	Buy	39.42
632	CHEF	1347	507.63	963.99	11/2/2019	1/7/2020	456.36	Buy	80.94
633	PRH	8049	61.66	933.02	5/17/2002	1/28/2019	871.36	Sell	1.26
634	CLNS^H	4178	652.81	502.93	5/15/2016	3/18/2022	-149.88	Buy	18.0
635	IEUS	5507	373.86	613.78	9/17/2014	1/25/2013	239.92	Buy	58.02
636	AMRC	8469	882.82	958.75	11/11/2000	3/18/2016	75.93	Sell	83.12
637	NEM	9885	563.53	334.26	7/18/2002	5/17/2022	-229.27	Sell	60.19
638	BFO	5193	565.4	197.08	5/30/2017	6/9/2015	-368.32	Sell	70.23
639	SWX	53	468.37	357.84	1/1/2000	2/10/2008	-110.53	Sell	16.99


640	HBANO	897	379.79	690.95	7/3/2019	12/12/2010	311.16	Sell	4.61
641	CIDM	2684	846.75	381.78	7/26/2015	5/16/2006	-464.97	Sell	35.23
642	E	4373	769.09	453.05	11/10/2014	11/3/2018	-316.04	Sell	52.94
643	NCS	8270	690.12	113.86	9/19/2004	3/14/2019	-576.26	Buy	57.75
644	LBTYK	9318	972.56	45.78	12/7/2015	11/29/2011	-926.78	Buy	92.15
645		1335	838.81	578.6	8/27/2002	7/22/2012	-260.21	Buy	92.7
646	RAVN	1274	673.79	113.4	4/27/2001	10/25/2019	-560.39	Sell	14.68
647	VLRS	621	157.78	681.43	1/13/2010	7/7/2019	523.65	Buy	72.86
648	MBCN	7266	857.17	878.63	5/28/2012	10/16/2011	21.46	Buy	33.0
649	CMCO	7575	843.38	359.04	7/25/2010	12/6/2004	-484.34	Sell	48.08
650	FGL	6655	295.41	63.56	4/8/2007	11/10/2005	-231.85	Buy	16.79
651	ATLC	6413	861.12	669.9	3/9/2022	6/26/2021	-191.22	Sell	71.73
652	APLP	4127	624.87	993.4	10/18/2021	7/7/2020	368.53	Sell	74.68
653	RXN^A	4907	669.39	429.08	3/12/2006	8/27/2016	-240.31	Buy	1.98
654	VET	1923	357.48	5.57	6/10/2018	9/18/2020	-351.91	Sell	56.53
655	MCHI	9956	718.94	291.08	7/23/2006	10/1/2008	-427.86	Sell	81.9
656	JCAP	4229	9.79	669.6	1/9/2003	6/12/2002	659.81	Sell	55.76
657	AUBN	5583	945.52	781.59	3/29/2008	4/22/2022	-163.93	Sell	22.18
658	BMY	3846	870.35	455.6	5/4/2004	4/18/2003	-414.75	Sell	28.0
659	UZC	7676	769.5	884.89	8/28/2018	6/5/2013	115.39	Buy	34.77
660	COLB	9034	129.88	880.4	10/30/2013	12/28/2014	750.52	Buy	86.71
661	PCG	6664	28.22	754.03	12/7/2021	6/4/2007	725.81	Buy	21.62
662	SMI	5017	142.99	761.79	7/22/2001	11/3/2009	618.8	Buy	88.8
663	BXP^B	2661	30.73	764.83	4/6/2002	3/7/2018	734.1	Buy	3.14
664	MNST	4606	494.61	89.94	3/28/2019	11/9/2007	-404.67	Buy	41.45
665	WAFD	2290	942.55	862.71	7/12/2019	8/1/2000	-79.84	Buy	27.06
666	APTO	314	624.09	860.5	8/17/2020	2/14/2015	236.41	Buy	27.13
667	VCRA	7099	930.81	772.9	10/17/2009	4/9/2003	-157.91	Sell	34.6
668	FSD	1890	929.67	198.55	10/15/2017	7/1/2014	-731.12	Buy	37.95
669	ACGL	3935	457.13	599.15	1/23/2006	9/23/2009	142.02	Buy	76.05
670	SNR	4909	223.03	583.84	6/23/2004	5/26/2002	360.81	Buy	74.79
671	VIRT	2078	840.51	674.8	1/24/2011	12/6/2019	-165.71	Buy	50.01
672	COT	5052	705.3	256.75	8/21/2005	1/1/2022	-448.55	Sell	64.54
673	GPS	4581	743.25	528.52	7/5/2015	6/20/2022	-214.73	Sell	70.33
674	COMT	7388	978.88	850.94	3/5/2022	8/14/2020	-127.94	Buy	21.59
675	CNA	2319	42.51	704.29	8/8/2006	8/30/2003	661.78	Buy	53.11
676	HRC	490	323.59	205.75	12/23/2007	7/1/2001	-117.84	Sell	96.53
677	TRVN	5545	769.46	814.99	7/12/2011	3/25/2004	45.53	Sell	9.58
678	PRN	3262	33.41	674.67	5/21/2002	2/14/2022	641.26	Sell	55.41
679	ABCO	9847	601.49	785.66	9/12/2011	11/24/2009	184.17	Buy	55.17
680	DTE	1933	771.89	644.77	4/5/2007	2/12/2012	-127.12	Buy	95.4
681		1950	941.44	192.02	4/15/2014	2/23/2004	-749.42	Buy	21.62
682	BNJ	3979	880.27	147.01	5/28/2016	8/17/2018	-733.26	Sell	17.75
683	TBI	3333	86.4	739.78	10/13/2008	1/12/2001	653.38	Sell	34.87
684	PIE	5535	515.09	391.55	10/4/2017	12/17/2020	-123.54	Buy	19.04
685	SOV^C	2426	773.35	345.82	3/23/2008	12/2/2006	-427.53	Sell	40.11
686	SHPG	3023	655.09	596.57	5/10/2000	2/20/2017	-58.52	Buy	10.52
687	ETY	7534	860.25	497.79	6/5/2004	3/28/2001	-362.46	Buy	31.53
688	LTRPB	657	135.19	109.21	5/25/2019	5/17/2015	-25.98	Buy	25.82
689	MTFBW	946	512.29	498.26	2/18/2014	1/24/2004	-14.03	Sell	34.91
690	SIFI	3214	792.51	132.97	3/21/2014	2/4/2012	-659.54	Buy	74.06
691	LPTX	3991	972.82	741.7	11/10/2016	11/17/2016	-231.12	Buy	99.46
692	TCPC	6932	851.6	217.32	8/6/2017	6/18/2013	-634.28	Sell	66.48
693	AMT	2495	615.27	888.79		9/22/2012	273.52	Sell	94.4
694	USLV	9995	259.43	66.26	3/31/2010	10/27/2013	-193.17	Buy	39.5
695	FEIM	9259	378.5	376.28	5/5/2013	2/25/2020	-2.22	Sell	32.88
696	MTW	1984	261.68	690.58	11/26/2022	5/31/2006	428.9	Sell	74.99
697	ESE	447	118.06	692.76	8/20/2014	2/25/2020	574.7	Buy	59.82
698	USA	2606	80.19	554.55	9/4/2014	3/10/2011	474.36	Sell	34.47
699	KLXI	1538	572.2	265.0	12/26/2019	8/9/2018	-307.2	Sell	77.0
700	HTH	6657	597.93	140.45	1/24/2008	3/12/2011	-457.48	Buy	31.52
701	NXPI	8815	517.55	414.3	11/6/2018	7/28/2018	-103.25	Sell	65.11
702	MCBC	3990	731.92	887.61	1/29/2014	6/1/2006	155.69	Buy	53.89
703	MTRX	9658	707.25	936.17	8/30/2013	2/29/2000	228.92	Sell	46.42
704	MKSI	6618	423.61	91.24	1/27/2002	8/30/2003	-332.37	Buy	56.0
705	NS	3170	935.5	294.12	1/29/2005	8/29/2009	-641.38	Sell	59.51
706	MBLY	7658	691.61	274.38	8/1/2009	2/22/2007	-417.23	Sell	23.79
707	SIRI	2428	505.94	427.79	2/20/2000	5/18/2017	-78.15	Buy	49.85
708		7159	602.95	121.25	6/9/2012	3/15/2011	-481.7	Buy	45.42
709	STAG^B	7722	803.2	405.27	10/15/2000	1/2/2012	-397.93	Sell	72.06
710	EBAY	6340	242.22	887.08	9/27/2009	1/20/2009	644.86	Sell	7.57
711	RFIL	5941	762.04	824.15	8/18/2012	4/26/2012	62.11	Buy	7.87
712		4261	530.68	905.79	7/26/2021	4/3/2010	375.11	Sell	20.81
713	ALDX	6810	254.41	449.8	3/16/2006	12/5/2012	195.39	Buy	98.9
714	NEV	8263	51.76	52.63	6/16/2011	2/26/2003	0.87	Sell	72.0
715	NESRW	8653	583.41	96.33	8/3/2022	6/18/2000	-487.08	Sell	37.65
716	ASPN	8249	253.19	455.7	2/4/2013	3/4/2019	202.51	Sell	10.17
717	PFM	1404	928.08	342.36	9/27/2002	10/6/2019	-585.72	Buy	17.48
718	BELFA	5821	704.46	110.51	9/30/2002	7/12/2014	-593.95	Buy	9.96
719	JELD	7754	813.79	593.15	12/7/2008	8/24/2008	-220.64	Sell	52.03
720	GCO	9773	401.87	268.6	10/7/2000	5/16/2022	-133.27	Buy	60.05
721	GCH	1989	903.85	420.03	7/16/2022	12/20/2008	-483.82	Sell	28.01
722	AXSM	883	756.94	721.71	10/13/2015	10/12/2008	-35.23	Buy	84.01
723	FORD	5264	608.43	359.13	3/26/2008	8/3/2001	-249.3	Sell	97.89
724	DDR	2334	726.29	954.23	9/15/2015	12/27/2014	227.94	Buy	97.03
725	AB	9123	528.46	52.39	11/15/2000	8/4/2021	-476.07	Buy	29.39
726	AKO.A	4674	98.67	122.63	12/18/2003	7/26/2003	23.96	Buy	13.92
727	CLUB	4898	190.82	662.07	7/9/2021	6/10/2000	471.25	Sell	39.52
728	HEQ	7936	401.1	788.51	4/27/2018	2/27/2011	387.41	Buy	92.81
729	FNB^E	8643	265.7	38.44	2/10/2013	11/21/2021	-227.26	Sell	73.85
730	CBLI	6666	417.91	597.55		6/17/2008	179.64	Sell	99.57
731	PAAS	2621	197.36	908.52	9/15/2018	12/4/2003	711.16	Sell	58.06
732	PBYI	3501	462.12	211.41	2/19/2007	1/20/2019	-250.71	Sell	78.96
733	AVT	6878	668.11	149.27	12/5/2001	9/6/2013	-518.84	Sell	4.1
734		6319	397.0	467.43	6/21/2011	6/26/2017	70.43	Buy	84.41
735	FIVN	673	61.77	601.27	11/21/2018	12/31/2012	539.5	Sell	3.93
736	DMPI	3249	833.14	357.58	8/6/2019	12/13/2003	-475.56	Sell	33.14
737	COHR	6232	472.57	669.59	10/26/2016	1/15/2010	197.02	Sell	77.58
738		1739	939.27	563.42	9/13/2000	5/24/2007	-375.85	Sell	23.61
739	NUTR	5148	231.38	966.53	5/2/2006	5/3/2002	735.15	Sell	58.32
740	SPOK	1743	38.59	969.09	11/20/2003	7/28/2013	930.5	Buy	9.11
741	MARPS	2262	479.64	259.54	11/24/2002	3/28/2000	-220.1	Sell	92.31
742	GM	211	815.22	413.42	1/19/2007	6/25/2019	-401.8	Sell	75.84
743	FHN	2443	476.15	997.02	3/2/2016	3/27/2008	520.87	Sell	99.25
744	OPY	6906	262.17	824.84	10/9/2012	5/3/2000	562.67	Buy	58.1
745	CLUB	2957	19.82	155.01	8/26/2014	10/6/2004	135.19	Sell	2.75
746	TRCB	1053	991.21	768.73	1/14/2016	7/22/2014	-222.48	Sell	93.62
747	BAF	7728	709.88	388.58	7/26/2013	10/30/2002	-321.3	Sell	4.01
748	ITUB	9500	528.86	33.25	2/23/2005	8/7/2001	-495.61	Sell	0.2
749	DWLV	8330	430.43	839.19	6/1/2013	7/23/2015	408.76	Sell	52.57
750	ISBC	8401	339.61	670.92	7/12/2012	2/22/2016	331.31	Sell	1.29
751	SAL	6854	732.24	724.99	9/6/2000	2/16/2010	-7.25	Sell	80.8
752	DLPH	9229	479.28	348.0	7/6/2008	9/22/2006	-131.28	Buy	8.75
753		7096	790.38	456.69	5/18/2010	6/15/2019	-333.69	Buy	25.53
754	OCN	3117	590.63	942.75	12/17/2017	9/10/2017	352.12	Buy	96.46
755	CPLA	741	346.46	329.16	7/15/2005	2/4/2010	-17.3	Sell	17.7
756	SSFN	6398	477.0	892.7	3/20/2006	12/7/2012	415.7	Buy	83.32
757	PBCT	3768	668.18	159.14	9/1/2005	9/19/2022	-509.04	Buy	37.32
758	EDIT	5324	698.5	810.51	3/12/2000	10/21/2019	112.01	Sell	28.11
759	FORR	856	580.21	256.56	12/7/2017	12/24/2019	-323.65	Buy	11.67
760	RYN	587	614.24	887.94	10/31/2017	8/24/2022	273.7	Sell	65.25
761	IMKTA	9316	972.75	433.22	5/26/2001	9/5/2014	-539.53	Buy	26.69
762	ANTH	8031	535.22	847.2	12/2/2020	4/24/2022	311.98	Buy	18.29
763	BLX	2391	79.48	366.29	7/29/2012	1/9/2006	286.81	Buy	87.69
764	SNOW	3506	82.43	166.35	5/29/2011	8/27/2004	83.92	Buy	59.1
765	HDSN	1218	996.95	771.44	12/21/2006	4/25/2001	-225.51	Sell	27.89
766	BWEN	2822	551.67	122.62	5/31/2012	7/1/2005	-429.05	Sell	41.44
767	ELY	8903	802.88	747.07	12/15/2019	9/25/2001	-55.81	Sell	75.45
768	TCFC	8885	917.21	617.32	10/28/2022	12/18/2010	-299.89	Sell	96.04
769	ENZ	1789	244.06	152.21	4/3/2011	10/5/2003	-91.85	Buy	79.29
770	FTEO	4244	411.87	504.74	9/5/2008	4/4/2007	92.87	Sell	55.52
771	MITT^B	2283	567.37	312.47	8/10/2020	5/23/2016	-254.9	Sell	49.37
772	PML	4813	504.3	495.87		7/4/2011	-8.43	Buy	78.58
773	SOHO	7850	516.8	561.79	12/19/2002	1/21/2013	44.99	Buy	58.32
774	JPM^G	8073	885.83	794.24	8/8/2006	7/12/2006	-91.59	Sell	95.7
775	MS	4549	209.54	367.19	11/25/2008	10/11/2005	157.65	Sell	75.44
776	AYI	3448	611.55	711.37	3/3/2012	11/11/2013	99.82	Sell	76.98
777	EVT	1409	666.83	402.78	2/28/2018	7/1/2002	-264.05	Buy	75.9
778		3692	425.14	694.99	4/27/2014	6/25/2020	269.85	Sell	32.78
779	WLDN	644	11.58	611.05	12/21/2009	11/14/2002	599.47	Buy	16.68
780	GMZ	7995	942.5	510.63	11/13/2007	7/10/2001	-431.87	Buy	92.32
781	GRA	5806	598.65	234.77	1/11/2001	2/5/2019	-363.88	Buy	99.74
782	BBY	5209	73.97	171.95	7/17/2013	4/2/2021	97.98	Buy	59.02
783	CEA	7311	920.42	946.07	10/23/2012	12/30/2003	25.65	Buy	91.49
784	TRIP	9295	785.98	155.8	12/28/2000	12/24/2003	-630.18	Sell	31.84
785	CTBB	7029	817.12	371.2	12/1/2014	11/3/2002	-445.92	Sell	92.98
786	JW.A	4704	10.91	67.97	7/30/2022	6/13/2017	57.06	Buy	46.2
787	LNC.WS	4266	567.94	532.8	1/13/2002	10/4/2017	-35.14	Buy	56.04


788	ELOS	9843	83.45	870.52	1/16/2004	11/20/2018	787.07	Sell	31.93
789	TTI	3869	795.48	867.45	12/26/2013	2/12/2013	71.97	Sell	94.65
790	CAR	3845	228.43	901.94	11/2/2018	12/5/2018	673.51	Sell	61.99
791	MGLN	5380	277.62	907.32	5/11/2008	11/8/2004	629.7	Buy	76.33
792	LIFE	6752	68.22	127.65	5/6/2004	9/19/2015	59.43	Sell	30.84
793	VGM	467	294.65	496.8	2/28/2006	7/6/2021	202.15	Buy	37.65
794	AGNC	8542	686.25	66.7	5/25/2010	1/23/2004	-619.55	Buy	81.27
795	KF	486	883.18	942.44	10/12/2017	8/11/2008	59.26	Sell	92.08
796	CALD	3614	50.34	225.52	5/17/2001	1/20/2022	175.18	Buy	15.95
797	DLR^G	8613	375.05	517.6	4/28/2001	12/13/2008	142.55	Buy	34.83
798	MBSD	9540	828.35	349.96	6/20/2002	2/1/2015	-478.39	Sell	74.81
799	ADP	3053	406.61	930.91	11/23/2016	4/20/2003	524.3	Buy	98.39
800	VJET	8996	344.28	355.99	11/23/2010	2/17/2011	11.71	Buy	11.63
801	CHE	7404	433.76	695.77		1/22/2012	262.01	Sell	81.52
802	NEWS	6533	223.6	5.45	10/30/2020	10/17/2007	-218.15	Buy	5.11
803	GF	767	762.12	855.11	9/2/2009	10/2/2009	92.99	Buy	66.46
804	TI	6858	749.25	872.44	3/18/2019	5/2/2014	123.19	Sell	15.34
805	IPI	7444	345.68	139.24	8/30/2005	12/18/2016	-206.44	Sell	47.25
806	FNFV	8454	40.49	254.08	4/28/2000	7/4/2013	213.59	Sell	21.99
807	KINS	8534	437.64	117.87	1/8/2017	7/4/2020	-319.77	Buy	59.39
808	GF	2148	670.93	944.82	12/15/2011	7/18/2013	273.89	Sell	88.31
809	POPE	1623	13.06	20.82	7/25/2006	10/13/2006	7.76	Buy	13.56
810	KIN	9030	664.51	932.87	4/6/2007	9/15/2010	268.36	Buy	58.85
811	RNET	611	830.09	100.05	5/24/2013	1/26/2001	-730.04	Sell	41.37
812	BSAC	3901	744.19	800.9	8/6/2000	12/22/2016	56.71	Buy	58.81
813	VBND	8276	343.77	559.76	2/18/2006	2/14/2017	215.99	Sell	86.59
814	INSG	145	86.02	851.42	5/10/2002	8/3/2010	765.4	Buy	65.29
815	ISRG	4842	679.08	534.13	7/10/2006	12/14/2000	-144.95	Sell	59.03
816	OFS	2596	9.85	284.81	7/21/2006	9/18/2005	274.96	Sell	4.29
817	VONG	8873	217.8	638.38	5/24/2002	3/21/2001	420.58	Buy	66.22
818	OSG	9543	484.72	212.78	4/15/2009	9/20/2019	-271.94	Buy	16.87
819	BMLA	4482	6.17	417.74	10/7/2014	9/4/2020	411.57	Buy	21.17
820	JHY	4589	942.83	797.5	1/5/2020	6/25/2009	-145.33	Sell	96.19
821	CYRX	6750	832.42	213.59	8/7/2003	4/21/2002	-618.83	Sell	45.44
822	TRTN	6306	933.78	616.53	11/11/2011	2/23/2004	-317.25	Sell	80.97
823	BPOP	678	611.09	196.89	7/21/2018	7/30/2019	-414.2	Buy	28.9
824	CPB	8883	891.74	456.26	5/17/2020	2/13/2018	-435.48	Buy	48.42
825	HDS	1279	610.77	186.19	5/20/2002	2/24/2000	-424.58	Sell	48.32
826	CUTR	2329	597.19	313.46	12/10/2013	12/18/2000	-283.73	Sell	6.57
827	ING	9347	453.55	458.35	10/29/2010	5/1/2001	4.8	Sell	60.75
828	ORIG	25	624.26	727.27	2/5/2012	2/21/2017	103.01	Buy	47.31
829	NAC	15	127.26	651.17	6/18/2015	12/19/2011	523.91	Sell	72.1
830	TISA	8175	672.69	424.81	5/6/2004	5/9/2005	-247.88	Sell	9.18
831	ORG	6994	454.8	40.73	9/24/2008	7/21/2009	-414.07	Sell	93.34
832	CXP	3381	665.77	553.19	11/10/2015	2/1/2002	-112.58	Sell	50.76
833	THR	518	4.32	734.09	7/2/2013	7/11/2010	729.77	Sell	48.75
834	ZX	7914	525.16	464.73	4/12/2003	5/31/2019	-60.43	Sell	14.2
835	VLO	8235	212.64	786.54	6/25/2002	12/13/2006	573.9	Buy	59.03
836	CEVA	2421	185.22	421.97	8/21/2017	1/23/2001	236.75	Sell	30.41
837	KLXI	4516	294.84	680.3	6/13/2020	12/3/2011	385.46	Sell	64.43
838	FYX	1779	802.01	442.91	4/17/2017	6/6/2008	-359.1	Buy	4.54
839	ABDC	7404	931.24	491.67	6/30/2019	1/19/2006	-439.57	Sell	40.88
840	LMFAW	5891	690.87	358.64	11/19/2008	7/11/2003	-332.23	Buy	77.83
841	LRN	2924	270.61	825.77	10/28/2012	7/27/2004	555.16	Buy	4.65
842	THLD	9532	293.85	566.45	1/21/2001	4/12/2010	272.6	Buy	56.51
843	AJXA	3712	341.82	504.5	6/6/2003	12/4/2003	162.68	Buy	55.38
844	CGIX	8716	854.89	41.57	8/30/2006	4/13/2011	-813.32	Buy	12.65
845	NAC	1029	871.2	826.18	6/6/2000	1/29/2018	-45.02	Buy	58.43
846	BDSI	1276	49.48	767.55	6/23/2022	11/27/2018	718.07	Sell	21.52
847	SNGX	6222	859.03	366.23	2/9/2009	5/31/2006	-492.8	Buy	25.97
848		8328	585.86	522.9	7/30/2019	3/20/2015	-62.96	Sell	87.19
849		8606	459.56	573.65	3/27/2000	8/30/2012	114.09	Sell	32.28
850	OR	7786	447.89	995.92	8/21/2018	10/21/2001	548.03	Buy	33.29
851	NEWS	1371	622.78	681.4	2/17/2009	7/19/2011	58.62	Sell	51.99
852	EDGE	7193	484.78	379.44	9/21/2014	6/6/2022	-105.34	Sell	41.84
853	PZRX	1276	819.8	674.81	3/31/2017	2/13/2000	-144.99	Sell	42.8
854	AYR	8008	92.03	675.35	12/30/2001	7/5/2008	583.32	Buy	3.75
855	FT	5528	278.39	221.62	7/28/2006	5/13/2022	-56.77	Buy	43.14
856	GBX	4509	860.75	679.04	2/25/2019	3/14/2018	-181.71	Sell	78.83
857	KMX	450	502.15	831.2	9/1/2005	6/3/2022	329.05	Sell	95.86
858	MBFIP	4981	931.86	747.84		2/7/2007	-184.02	Buy	23.87
859	NGVT	2712	186.27	512.98	10/15/2013	8/24/2000	326.71	Sell	74.53
860	PPHMP	5308	211.44	994.38	2/23/2019	3/23/2009	782.94	Sell	66.88
861	GABC	1258	39.42	402.94	6/21/2000	6/19/2004	363.52	Buy	45.2
862	AMED	6224	781.43	296.43	4/19/2009	4/6/2013	-485.0	Buy	16.26
863	AIA	7257	865.83	159.95	4/17/2004	7/24/2002	-705.88	Sell	19.82
864	MSLI	1046	2.0	228.24	4/23/2002	8/19/2018	226.24	Sell	84.04
865	CSOD	8111	102.55	423.89	12/12/2014	9/8/2009	321.34	Sell	36.84
866	GE	2589	417.03	560.12	9/9/2006	6/13/2022	143.09	Sell	85.08
867	CAFD	7300	174.1	516.72	1/30/2004	4/8/2006	342.62	Buy	22.52
868	CMRE	9200	531.5	192.96	1/25/2002	3/15/2004	-338.54	Buy	24.97
869	CHK	3508	583.43	257.26	6/28/2007	5/13/2007	-326.17	Buy	96.09
870	SMED	8511	364.94	333.13	4/29/2002	8/11/2013	-31.81	Sell	10.77
871	ARCO	4277	339.45	203.39	12/18/2015	9/16/2009	-136.06	Sell	36.76
872	SGU	9287	955.92	825.95	5/22/2004	3/3/2014	-129.97	Buy	5.05
873	FORD	5320	988.33	4.71	8/26/2016	9/11/2014	-983.62	Buy	79.25
874	HWCC	7406	77.79	356.84	8/27/2005	3/11/2015	279.05	Buy	97.93
875		2494	921.78	453.74	3/25/2020	12/3/2019	-468.04	Buy	87.1
876	DD^B	4210	217.1	402.89	10/17/2015	11/21/2008	185.79	Buy	40.04
877	TDS	9565	678.01	801.36	1/3/2015	10/15/2003	123.35	Buy	80.97
878	CIR	9724	106.29	121.32	2/10/2011	3/19/2010	15.03	Sell	75.21
879	USB^M	7322	453.18	811.29	10/28/2010	7/5/2005	358.11	Sell	71.95
880	ATRI	6736	401.78	732.93	3/22/2009	7/12/2016	331.15	Sell	45.78
881	PTSI	3457	648.07	768.25	6/6/2003	11/28/2015	120.18	Sell	49.79
882	ENTG	8364	931.84	525.96	10/26/2010	5/25/2003	-405.88	Sell	93.02
883	CLH	9055	971.11	819.05	6/21/2019	3/21/2001	-152.06	Sell	6.68
884	AMKR	5246	831.85	397.97	8/27/2022	1/15/2001	-433.88	Buy	53.75
885	CNQ	580	407.79	627.97	7/17/2013	2/20/2020	220.18	Buy	93.95
886	IBKR	6999	864.68	652.89	8/23/2020	7/31/2002	-211.79	Sell	29.0
887	BDE	3143	954.68	93.13	11/28/2019	9/11/2011	-861.55	Buy	4.42
888	MTB^	5241	512.81	783.39	7/8/2002	11/18/2019	270.58	Sell	86.59
889	VAC	3423	393.38	14.8	12/1/2018	4/24/2013	-378.58	Sell	32.85
890	PRAN	8673	769.3	50.83	6/7/2009	10/8/2015	-718.47	Sell	13.45
891	ABIL	6055	878.58	349.05	8/11/2008	1/29/2001	-529.53	Sell	63.17
892	ENPH	1709	582.07	375.91	12/5/2008	11/6/2003	-206.16	Buy	47.65
893	TX	6279	152.6	516.43	7/10/2021	1/15/2008	363.83	Sell	16.94
894	FMI	4378	74.97	829.12	7/4/2017	6/4/2017	754.15	Sell	18.17
895	SDLP	7638	167.69	12.74	12/20/2008	7/15/2013	-154.95	Sell	85.92
896	CSPI	7268	487.42	663.84	11/25/2017	8/2/2011	176.42	Buy	3.3
897	INFN	3994	912.51	199.54	12/5/2022	2/24/2019	-712.97	Sell	55.21
898	NRZ	1575	438.76	589.09	11/17/2003	3/19/2014	150.33	Buy	57.97
899		1868	469.0	920.99	4/9/2018	12/29/2015	451.99	Buy	38.46
900	VRX	1977	792.58	932.53	2/21/2013	6/17/2013	139.95	Sell	56.48
901	HEBT	1741	56.49	137.02	9/17/2010	11/22/2007	80.53	Sell	65.53
902	NATR	5374	246.64	714.24	4/25/2001	3/9/2000	467.6	Sell	40.69
903	QQQC	2203	323.79	614.6	12/6/2019	10/28/2020	290.81	Buy	17.91
904	MITL	6994	470.03	33.83	11/12/2004	6/30/2003	-436.2	Sell	2.47
905	ANFI	5880	640.0	583.62	4/5/2019	3/17/2014	-56.38	Buy	82.35
906	CASM	478	332.04	684.23	8/25/2005	2/26/2020	352.19	Sell	60.56
907	EPAM	5699	862.12	927.21		3/22/2020	65.09	Buy	20.28
908	TREE	9264	340.39	943.63	1/29/2004	12/29/2009	603.24	Sell	24.95
909	OSIS	6519	244.49	162.35	4/24/2020	4/1/2002	-82.14	Buy	12.97
910	RTNB	3341	361.46	950.44	7/15/2007	11/19/2003	588.98	Sell	28.27
911	KBWY	3624	741.67	565.17	7/14/2018	12/4/2019	-176.5	Sell	2.6
912	BBT^G	2763	86.68	450.38	10/8/2014	8/26/2005	363.7	Sell	38.59
913	WBK	7855	92.47	812.15	11/28/2011	7/3/2017	719.68	Sell	39.09
914	CLX	6723	358.03	983.45	7/7/2017	2/2/2003	625.42	Sell	97.6
915		9630	111.73	350.18	11/11/2006	3/15/2008	238.45	Buy	85.14
916	LBTYB	815	395.34	887.63	8/16/2018	2/18/2005	492.29	Sell	7.57
917	ASNA	2350	710.13	311.69	6/29/2002	7/1/2005	-398.44	Sell	57.16
918	AES^C.CL	579	25.23	898.86	1/27/2003	3/13/2013	873.63	Sell	28.24
919	ACST	5139	764.46	574.09	1/20/2007	2/8/2006	-190.37	Sell	20.55
920	REG^G	5450	951.9	110.42	9/9/2006	10/22/2009	-841.48	Sell	62.84
921	VTR	2622	288.74	728.79	3/25/2017	4/29/2010	440.05	Sell	43.92
922	OMC	1371	606.1	162.6	2/6/2002	6/8/2013	-443.5	Sell	27.82
923	TCON	2369	889.64	341.36		9/16/2012	-548.28	Sell	72.5
924	CCK	4129	895.5	824.19	6/29/2002	1/9/2013	-71.31	Buy	44.4
925	CYH	8554	765.67	317.15	5/18/2000	6/6/2021	-448.52	Buy	63.05
926	DFIN	5288	259.09	219.57	5/5/2017	6/4/2013	-39.52	Buy	60.04
927	LPTH	3700	683.05	556.39	9/18/2009	12/21/2003	-126.66	Sell	98.48
928	YHOO	2337	416.89	404.06	4/2/2017	5/26/2002	-12.83	Sell	78.84
929	ECYT	2295	134.86	334.61	3/31/2004	11/3/2022	199.75	Sell	40.84
930	PUB	9376	131.8	166.01	7/1/2008	6/9/2022	34.21	Sell	97.01
931	CIO	7537	778.43	636.04	1/25/2001	12/9/2006	-142.39	Buy	87.89
932	WALA	7114	956.43	37.36	9/11/2004	3/17/2007	-919.07	Sell	93.17
933	MCRB	6073	50.0	193.16	1/20/2015	4/20/2016	143.16	Buy	39.39
934	PPH	1690	846.3	383.69	2/10/2008	1/10/2002	-462.61	Buy	72.95
935	KMB	1642	155.84	699.51	5/2/2022	10/21/2000	543.67	Buy	28.37
936	FMAO	4243	820.74	539.41	6/22/2001	3/1/2010	-281.33	Sell	96.23
937	BUSE	1827	155.23	44.96	12/17/2001	6/15/2020	-110.27	Buy	41.41
938	AKAO	3418	258.28	557.01	5/15/2002	4/25/2017	298.73	Buy	60.81
939	HAL	1091	604.75	547.27	9/6/2014	5/29/2017	-57.48	Sell	57.09
940	SKX	6633	365.61	989.97	1/22/2009	1/24/2017	624.36	Buy	41.6
941	ARE	5732	162.21	346.67	11/5/2009	7/8/2020	184.46	Buy	68.88
942	MESO	1289	92.35	734.29	10/14/2018	8/16/2021	641.94	Buy	75.52
943	CHTR	6752	210.08	942.33	1/1/2021	5/8/2019	732.25	Buy	95.99
944	KKR^B	3615	709.06	572.88	6/29/2009	5/11/2007	-136.18	Sell	23.37
945	KAP	1858	367.95	211.17	8/31/2018	8/5/2017	-156.78	Buy	83.32
946	RNR^E	2745	703.47	144.25	5/10/2003	12/6/2009	-559.22	Sell	7.3
947	GNCA	5904	992.52	599.0	8/14/2016	1/9/2018	-393.52	Sell	24.13
948	GURE	605	717.16	767.04		7/3/2002	49.88	Buy	95.84
949	SZC	6797	603.7	201.12	3/2/2010	5/10/2015	-402.58	Buy	23.61
950	SSNC	7609	279.36	532.8	3/22/2020	8/13/2004	253.44	Sell	94.6
951	MUSA	3914	463.63	577.72	10/26/2008	1/3/2010	114.09	Sell	64.62
952	LSCC	2986	880.73	576.57	11/18/2014	1/5/2011	-304.16	Buy	72.09
953	AGRX	3242	319.92	909.14	6/5/2002	7/22/2018	589.22	Sell	84.68
954	ASV	3417	481.57	289.61		11/17/2021	-191.96	Buy	19.06
955	JPM^E	5707	372.35	419.62	1/2/2018	8/10/2016	47.27	Buy	51.33
956	REX	4665	603.44	988.25	4/22/2009	8/2/2000	384.81	Sell	78.8
957	LPTH	329	598.99	21.0	12/23/2014	6/27/2010	-577.99	Sell	1.89
958	GURE	7904	413.98	793.37		6/15/2007	379.39	Sell	93.87
959	DOV	3336	269.85	393.3	12/31/2002	9/4/2019	123.45	Sell	69.25
960	HLNE	2712	493.44	1.32	7/5/2020	4/3/2019	-492.12	Buy	80.54

961	CONE	8855	325.63	866.0	1/27/2004	2/21/2013	540.37	Sell	87.86
962	OLN	9801	354.26	41.71	3/2/2015	8/6/2008	-312.55	Buy	89.48
963	VLT	9027	753.51	841.62	11/4/2015	11/15/2008	88.11	Sell	69.17
964	CHKP	6977	458.35	214.59	3/30/2000	8/13/2015	-243.76	Buy	56.06
965	TGTX	228	328.91	731.11	2/26/2006	9/26/2019	402.2	Buy	24.35
966	RSO^B	2830	907.47	286.79	12/5/2001	1/4/2014	-620.68	Sell	93.9
967	DLPH	671	793.07	27.34	4/25/2006	8/10/2013	-765.73	Buy	24.81
968		946	489.87	917.59	3/4/2004	5/6/2006	427.72	Buy	5.96
969	SCHW^B	5673	722.01	662.39	4/3/2015	5/26/2013	-59.62	Sell	73.55
970	IBA	2958	747.07	410.99	2/9/2004	6/21/2009	-336.08	Buy	70.09
971	PDT	2743	983.55	471.66	3/4/2009	6/15/2001	-511.89	Buy	32.14
972	DAC	8010	977.73	921.33	11/12/2006	8/19/2009	-56.4	Buy	78.7
973	CVE	3113	4.43	954.97	7/30/2020	1/8/2000	950.54	Sell	20.1
974	PACW	3006	649.27	650.48	12/27/2019	6/26/2001	1.21	Buy	69.83
975		3655	2.27	859.79	2/15/2014	6/5/2015	857.52	Buy	74.94
976	MTSL	3489	937.08	682.17	9/5/2005	6/26/2012	-254.91	Sell	58.07
977	SLGN	5695	248.23	963.26	5/18/2017	10/12/2021	715.03	Sell	65.79
978	RMGN	5537	433.68	925.25	11/11/2004	11/28/2003	491.57	Buy	73.59
979	CACC	9553	294.22	948.43	2/18/2012	11/20/2008	654.21	Buy	81.73
980	EOD	6120	624.58	954.45	7/8/2005	10/5/2008	329.87	Buy	55.89
981	JUNO	1794	733.71	160.91	11/13/2022	3/26/2010	-572.8	Sell	81.62
982	KORS	8298	603.96	185.91	4/21/2001	10/20/2004	-418.05	Sell	7.12
983	CZZ	2230	102.73	463.31	10/10/2017	2/26/2005	360.58	Sell	99.88
984	DCUD	6766	533.97	898.72	5/22/2004	10/5/2003	364.75	Sell	8.51
985	IVR^A	9837	420.74	58.45	12/13/2001	6/2/2020	-362.29	Buy	39.46
986	MNR^C	5977	275.66	612.16	1/11/2014	2/26/2013	336.5	Sell	66.69
987	TSS	425	300.97	76.55	10/26/2013	2/20/2000	-224.42	Sell	76.26
988	NTWK	1612	400.98	833.51	6/9/2001	10/17/2014	432.53	Sell	79.44
989	CLCT	3493	954.5	994.84	1/27/2010	9/3/2020	40.34	Buy	67.5
990	NWBI	2386	804.69	919.38	2/5/2015	8/11/2001	114.69	Sell	32.3
991	GPI	6483	497.98	744.97	3/21/2004	11/1/2015	246.99	Buy	29.76
992	ZNWAA	49	75.86	90.82	5/16/2007	6/9/2020	14.96	Buy	98.07
993	AZRE	8502	830.26	473.07	9/15/2008	3/29/2014	-357.19	Buy	0.33
994	PAY	2753	675.95	920.61	9/7/2004	8/26/2021	244.66	Sell	55.94
995	BMLA	8307	648.07	376.76	9/17/2000	3/11/2015	-271.31	Sell	17.48
996	MPB	4401	428.7	136.53	5/9/2011	12/7/2006	-292.17	Buy	94.81
997	SQM	9263	197.97	166.81	8/28/2013	5/31/2022	-31.16	Buy	68.13
998		3413	331.92	105.31	10/18/2002	2/17/2012	-226.61	Buy	65.82

999	GDL	5723	551.06	281.16	9/9/2004	2/16/2014	-269.9	Sell	71.58
1000	CIGI	3936	651.3	436.23	12/18/2014	9/23/2005	-215.07	Buy	73.01
